CP;Commune;Distance;1-2;3-4;5-6;7-8;9-12;13-16;17-31;32-54
59268;Abancourt;220;250,8333333;280,8333333;310,8333333;330,8333333;501,6666667;576,9166667;627,0833333;702,3333333
59215;Abscon;239;271,4166667;301,4166667;331,4166667;351,4166667;542,8333333;624,2583333;678,5416667;759,9666667
59149;Aibes;217;247,5833333;277,5833333;307,5833333;327,5833333;495,1666667;569,4416667;618,9583333;693,2333333
59310;Aix;270;305;335;365;385;610;701,5;762,5;854
59251;Allennes-les-Marais;262;296,3333333;326,3333333;356,3333333;376,3333333;592,6666667;681,5666667;740,8333333;829,7333333
59144;Amfroipret;256;289,8333333;319,8333333;349,8333333;369,8333333;579,6666667;666,6166667;724,5833333;811,5333333
59194;Anhiers;258;292;322;352;372;584;671,6;730;817,6
59580;Aniche;230;261,6666667;291,6666667;321,6666667;341,6666667;523,3333333;601,8333333;654,1666667;732,6666667
59400;Anneux;215;245,4166667;275,4166667;305,4166667;325,4166667;490,8333333;564,4583333;613,5416667;687,1666667
59112;Annœullin;260;294,1666667;324,1666667;354,1666667;374,1666667;588,3333333;676,5833333;735,4166667;823,6666667
59186;Anor;178;205,3333333;235,3333333;265,3333333;285,3333333;410,6666667;472,2666667;513,3333333;574,9333333
59152;Anstaing;276;311,5;341,5;371,5;391,5;623;716,45;778,75;872,2
59410;Anzin;243;275,75;305,75;335,75;355,75;551,5;634,225;689,375;772,1
59151;Arleux;224;255,1666667;285,1666667;315,1666667;335,1666667;510,3333333;586,8833333;637,9166667;714,4666667
59380;Armbouts-Cappel;335;375,4166667;405,4166667;435,4166667;455,4166667;750,8333333;863,4583333;938,5416667;1051,166667
59280;Armentières;288;324,5;354,5;384,5;404,5;649;746,35;811,25;908,6
59285;Arnèke;326;365,6666667;395,6666667;425,6666667;445,6666667;731,3333333;841,0333333;914,1666667;1023,866667
59269;Artres;248;281,1666667;311,1666667;341,1666667;361,1666667;562,3333333;646,6833333;702,9166667;787,2666667
59600;Assevent;279;314,75;344,75;374,75;394,75;629,5;723,925;786,875;881,3
59551;Attiches;267;301,75;331,75;361,75;381,75;603,5;694,025;754,375;844,9
59265;Aubencheul-au-Bac;222;253;283;313;333;506;581,9;632,5;708,4
59165;Auberchicourt;232;263,8333333;293,8333333;323,8333333;343,8333333;527,6666667;606,8166667;659,5833333;738,7333333
59249;Aubers;277;312,5833333;342,5833333;372,5833333;392,5833333;625,1666667;718,9416667;781,4583333;875,2333333
59265;Aubigny-au-Bac;222;253;283;313;333;506;581,9;632,5;708,4
59494;Aubry-du-Hainaut;245;277,9166667;307,9166667;337,9166667;357,9166667;555,8333333;639,2083333;694,7916667;778,1666667
59950;Auby;256;289,8333333;319,8333333;349,8333333;369,8333333;579,6666667;666,6166667;724,5833333;811,5333333
59310;Auchy-lez-Orchies;270;305;335;365;385;610;701,5;762,5;854
59570;Audignies;266;300,6666667;330,6666667;360,6666667;380,6666667;601,3333333;691,5333333;751,6666667;841,8666667
59620;Aulnoye-Aymeries;210;240;270;300;320;480;552;600;672
59300;Aulnoy-lez-Valenciennes;244;276,8333333;306,8333333;336,8333333;356,8333333;553,6666667;636,7166667;692,0833333;775,1333333
59710;Avelin;266;300,6666667;330,6666667;360,6666667;380,6666667;601,3333333;691,5333333;751,6666667;841,8666667
59440;Avesnelles;195;223,75;253,75;283,75;303,75;447,5;514,625;559,375;626,5
59129;Avesnes-les-Aubert;222;253;283;313;333;506;581,9;632,5;708,4
59296;Avesnes-le-Sec;231;262,75;292,75;322,75;342,75;525,5;604,325;656,875;735,7
59440;Avesnes-sur-Helpe;195;223,75;253,75;283,75;303,75;447,5;514,625;559,375;626,5
59400;Awoingt;215;245,4166667;275,4166667;305,4166667;325,4166667;490,8333333;564,4583333;613,5416667;687,1666667
59138;Bachant;213;243,25;273,25;303,25;323,25;486,5;559,475;608,125;681,1
59830;Bachy;280;315,8333333;345,8333333;375,8333333;395,8333333;631,6666667;726,4166667;789,5833333;884,3333333
59270;Bailleul;305;342,9166667;372,9166667;402,9166667;422,9166667;685,8333333;788,7083333;857,2916667;960,1666667
59780;Baisieux;279;314,75;344,75;374,75;394,75;629,5;723,925;786,875;881,3
59132;Baives;191;219,4166667;249,4166667;279,4166667;299,4166667;438,8333333;504,6583333;548,5416667;614,3666667
59470;Bambecque;331;371,0833333;401,0833333;431,0833333;451,0833333;742,1666667;853,4916667;927,7083333;1039,033333
59266;Banteux;204;233,5;263,5;293,5;313,5;467;537,05;583,75;653,8
59554;Bantigny;216;246,5;276,5;306,5;326,5;493;566,95;616,25;690,2
59266;Bantouzelle;204;233,5;263,5;293,5;313,5;467;537,05;583,75;653,8
59440;Bas-Lieu;195;223,75;253,75;283,75;303,75;447,5;514,625;559,375;626,5
59480;La Bassée;271;306,0833333;336,0833333;366,0833333;386,0833333;612,1666667;703,9916667;765,2083333;857,0333333
59221;Bauvin;263;297,4166667;327,4166667;357,4166667;377,4166667;594,8333333;684,0583333;743,5416667;832,7666667
59570;Bavay;265;299,5833333;329,5833333;359,5833333;379,5833333;599,1666667;689,0416667;748,9583333;838,8333333
59670;Bavinchove;307;345,0833333;375,0833333;405,0833333;425,0833333;690,1666667;793,6916667;862,7083333;966,2333333
59360;Bazuel;195;223,75;253,75;283,75;303,75;447,5;514,625;559,375;626,5
59134;Beaucamps-Ligny;276;311,5;341,5;371,5;391,5;623;716,45;778,75;872,2
59530;Beaudignies;210;240;270;300;320;480;552;600;672
59330;Beaufort;209;238,9166667;268,9166667;298,9166667;318,9166667;477,8333333;549,5083333;597,2916667;668,9666667
59540;Beaumont-en-Cambrésis;212;242,1666667;272,1666667;302,1666667;322,1666667;484,3333333;556,9833333;605,4166667;678,0666667
59730;Beaurain;207;236,75;266,75;296,75;316,75;473,5;544,525;591,875;662,9
59550;Beaurepaire-sur-Sambre;194;222,6666667;252,6666667;282,6666667;302,6666667;445,3333333;512,1333333;556,6666667;623,4666667
59740;Beaurieux;199;228,0833333;258,0833333;288,0833333;308,0833333;456,1666667;524,5916667;570,2083333;638,6333333
59157;Beauvois-en-Cambrésis;221;251,9166667;281,9166667;311,9166667;331,9166667;503,8333333;579,4083333;629,7916667;705,3666667
59135;Bellaing;241;273,5833333;303,5833333;333,5833333;353,5833333;547,1666667;629,2416667;683,9583333;766,0333333
59570;Bellignies;265;299,5833333;329,5833333;359,5833333;379,5833333;599,1666667;689,0416667;748,9583333;838,8333333
59740;Bérelles;199;228,0833333;258,0833333;288,0833333;308,0833333;456,1666667;524,5916667;570,2083333;638,6333333
59380;Bergues;335;375,4166667;405,4166667;435,4166667;455,4166667;750,8333333;863,4583333;938,5416667;1051,166667
59145;Berlaimont;213;243,25;273,25;303,25;323,25;486,5;559,475;608,125;681,1
59213;Bermerain;246;279;309;339;359;558;641,7;697,5;781,2
59570;Bermeries;265;299,5833333;329,5833333;359,5833333;379,5833333;599,1666667;689,0416667;748,9583333;838,8333333
59235;Bersée;262;296,3333333;326,3333333;356,3333333;376,3333333;592,6666667;681,5666667;740,8333333;829,7333333
59600;Bersillies;279;314,75;344,75;374,75;394,75;629,5;723,925;786,875;881,3
59270;Berthen;305;342,9166667;372,9166667;402,9166667;422,9166667;685,8333333;788,7083333;857,2916667;960,1666667
59980;Bertry;207;236,75;266,75;296,75;316,75;473,5;544,525;591,875;662,9
59540;Béthencourt;212;242,1666667;272,1666667;302,1666667;322,1666667;484,3333333;556,9833333;605,4166667;678,0666667
59600;Bettignies;279;314,75;344,75;374,75;394,75;629,5;723,925;786,875;881,3
59570;Bettrechies;265;299,5833333;329,5833333;359,5833333;379,5833333;599,1666667;689,0416667;748,9583333;838,8333333
59216;Beugnies;203;232,4166667;262,4166667;292,4166667;312,4166667;464,8333333;534,5583333;581,0416667;650,7666667
59192;Beuvrages;248;281,1666667;311,1666667;341,1666667;361,1666667;562,3333333;646,6833333;702,9166667;787,2666667
59310;Beuvry-la-Forêt;270;305;335;365;385;610;701,5;762,5;854
59217;Bévillers;212;242,1666667;272,1666667;302,1666667;322,1666667;484,3333333;556,9833333;605,4166667;678,0666667
59380;Bierne;335;375,4166667;405,4166667;435,4166667;455,4166667;750,8333333;863,4583333;938,5416667;1051,166667
59380;Bissezeele;335;375,4166667;405,4166667;435,4166667;455,4166667;750,8333333;863,4583333;938,5416667;1051,166667
59173;Blaringhem;298;335,3333333;365,3333333;395,3333333;415,3333333;670,6666667;771,2666667;838,3333333;938,9333333
59268;Blécourt;218;248,6666667;278,6666667;308,6666667;328,6666667;497,3333333;571,9333333;621,6666667;696,2666667
59299;Boeschepe;312;350,5;380,5;410,5;430,5;701;806,15;876,25;981,4
59189;Boëseghem;291;327,75;357,75;387,75;407,75;655,5;753,825;819,375;917,7
59280;Bois-Grenier;288;324,5;354,5;384,5;404,5;649;746,35;811,25;908,6
59470;Bollezeele;331;371,0833333;401,0833333;431,0833333;451,0833333;742,1666667;853,4916667;927,7083333;1039,033333
59910;Bondues;285;321,25;351,25;381,25;401,25;642,5;738,875;803,125;899,5
59190;Borre;311;349,4166667;379,4166667;409,4166667;429,4166667;698,8333333;803,6583333;873,5416667;978,3666667
59111;Bouchain;226;257,3333333;287,3333333;317,3333333;337,3333333;514,6666667;591,8666667;643,3333333;720,5333333
59440;Boulogne-sur-Helpe;195;223,75;253,75;283,75;303,75;447,5;514,625;559,375;626,5
59630;Bourbourg;333;373,25;403,25;433,25;453,25;746,5;858,475;933,125;1045,1
59830;Bourghelles;280;315,8333333;345,8333333;375,8333333;395,8333333;631,6666667;726,4166667;789,5833333;884,3333333
59166;Bousbecque;292;328,8333333;358,8333333;388,8333333;408,8333333;657,6666667;756,3166667;822,0833333;920,7333333
59222;Bousies;200;229,1666667;259,1666667;289,1666667;309,1666667;458,3333333;527,0833333;572,9166667;641,6666667
59178;Bousignies;245;277,9166667;307,9166667;337,9166667;357,9166667;555,8333333;639,2083333;694,7916667;778,1666667
59149;Bousignies-sur-Roc;217;247,5833333;277,5833333;307,5833333;327,5833333;495,1666667;569,4416667;618,9583333;693,2333333
59217;Boussières-en-Cambrésis;220;250,8333333;280,8333333;310,8333333;330,8333333;501,6666667;576,9166667;627,0833333;702,3333333
59330;Boussières-sur-Sambre;209;238,9166667;268,9166667;298,9166667;318,9166667;477,8333333;549,5083333;597,2916667;668,9666667
59168;Boussois;222;253;283;313;333;506;581,9;632,5;708,4
59870;Bouvignies;250;283,3333333;313,3333333;343,3333333;363,3333333;566,6666667;651,6666667;708,3333333;793,3333333
59830;Bouvines;280;315,8333333;345,8333333;375,8333333;395,8333333;631,6666667;726,4166667;789,5833333;884,3333333
59123;Bray-Dunes;346;387,3333333;417,3333333;447,3333333;467,3333333;774,6666667;890,8666667;968,3333333;1084,533333
59730;Briastre;207;236,75;266,75;296,75;316,75;473,5;544,525;591,875;662,9
59178;Brillon;245;277,9166667;307,9166667;337,9166667;357,9166667;555,8333333;639,2083333;694,7916667;778,1666667
59630;Brouckerque;338;378,6666667;408,6666667;438,6666667;458,6666667;757,3333333;870,9333333;946,6666667;1060,266667
59470;Broxeele;331;371,0833333;401,0833333;431,0833333;451,0833333;742,1666667;853,4916667;927,7083333;1039,033333
59860;Bruay-sur-l'Escaut;254;287,6666667;317,6666667;347,6666667;367,6666667;575,3333333;661,6333333;719,1666667;805,4666667
59490;Bruille-lez-Marchiennes;245;277,9166667;307,9166667;337,9166667;357,9166667;555,8333333;639,2083333;694,7916667;778,1666667
59199;Bruille-Saint-Amand;267;301,75;331,75;361,75;381,75;603,5;694,025;754,375;844,9
59151;Brunémont;224;255,1666667;285,1666667;315,1666667;335,1666667;510,3333333;586,8833333;637,9166667;714,4666667
59144;Bry;256;289,8333333;319,8333333;349,8333333;369,8333333;579,6666667;666,6166667;724,5833333;811,5333333
59151;Bugnicourt;224;255,1666667;285,1666667;315,1666667;335,1666667;510,3333333;586,8833333;637,9166667;714,4666667
59137;Busigny;189;217,25;247,25;277,25;297,25;434,5;499,675;543,125;608,3
59285;Buysscheure;326;365,6666667;395,6666667;425,6666667;445,6666667;731,3333333;841,0333333;914,1666667;1023,866667
59190;Caëstre;300;337,5;367,5;397,5;417,5;675;776,25;843,75;945
59161;Cagnoncles;219;249,75;279,75;309,75;329,75;499,5;574,425;624,375;699,3
59400;Cambrai;215;245,4166667;275,4166667;305,4166667;325,4166667;490,8333333;564,4583333;613,5416667;687,1666667
59133;Camphin-en-Carembault;259;293,0833333;323,0833333;353,0833333;373,0833333;586,1666667;674,0916667;732,7083333;820,6333333
59780;Camphin-en-Pévèle;279;314,75;344,75;374,75;394,75;629,5;723,925;786,875;881,3
59267;Cantaing-sur-Escaut;210;240;270;300;320;480;552;600;672
59169;Cantin;228;259,5;289,5;319,5;339,5;519;596,85;648,75;726,6
59213;Capelle;249;282,25;312,25;342,25;362,25;564,5;649,175;705,625;790,3
59160;Capinghem;284;320,1666667;350,1666667;380,1666667;400,1666667;640,3333333;736,3833333;800,4166667;896,4666667
59630;Cappelle-Brouck;333;373,25;403,25;433,25;453,25;746,5;858,475;933,125;1045,1
59242;Cappelle-en-Pévèle;272;307,1666667;337,1666667;367,1666667;387,1666667;614,3333333;706,4833333;767,9166667;860,0666667
59180;Cappelle-la-Grande;342;383;413;443;463;766;880,9;957,5;1072,4
59217;Carnières;220;250,8333333;280,8333333;310,8333333;330,8333333;501,6666667;576,9166667;627,0833333;702,3333333
59112;Carnin;260;294,1666667;324,1666667;354,1666667;374,1666667;588,3333333;676,5833333;735,4166667;823,6666667
59244;Cartignies;199;228,0833333;258,0833333;288,0833333;308,0833333;456,1666667;524,5916667;570,2083333;638,6333333
59670;Cassel;307;345,0833333;375,0833333;405,0833333;425,0833333;690,1666667;793,6916667;862,7083333;966,2333333
59360;Le Cateau-Cambrésis;195;223,75;253,75;283,75;303,75;447,5;514,625;559,375;626,5
59360;Catillon-sur-Sambre;195;223,75;253,75;283,75;303,75;447,5;514,625;559,375;626,5
59217;Cattenières;220;250,8333333;280,8333333;310,8333333;330,8333333;501,6666667;576,9166667;627,0833333;702,3333333
59540;Caudry;212;242,1666667;272,1666667;302,1666667;322,1666667;484,3333333;556,9833333;605,4166667;678,0666667
59191;Caullery;209;238,9166667;268,9166667;298,9166667;318,9166667;477,8333333;549,5083333;597,2916667;668,9666667
59400;Cauroir;215;245,4166667;275,4166667;305,4166667;325,4166667;490,8333333;564,4583333;613,5416667;687,1666667
59680;Cerfontaine;212;242,1666667;272,1666667;302,1666667;322,1666667;484,3333333;556,9833333;605,4166667;678,0666667
59930;La Chapelle-d'Armentières;287;323,4166667;353,4166667;383,4166667;403,4166667;646,8333333;743,8583333;808,5416667;905,5666667
59230;Château-l'Abbaye;253;286,5833333;316,5833333;346,5833333;366,5833333;573,1666667;659,1416667;716,4583333;802,4333333
59147;Chemy;262;296,3333333;326,3333333;356,3333333;376,3333333;592,6666667;681,5666667;740,8333333;829,7333333
59152;Chéreng;276;311,5;341,5;371,5;391,5;623;716,45;778,75;872,2
59740;Choisies;199;228,0833333;258,0833333;288,0833333;308,0833333;456,1666667;524,5916667;570,2083333;638,6333333
59740;Clairfayts;199;228,0833333;258,0833333;288,0833333;308,0833333;456,1666667;524,5916667;570,2083333;638,6333333
59225;Clary;207;236,75;266,75;296,75;316,75;473,5;544,525;591,875;662,9
59830;Cobrieux;280;315,8333333;345,8333333;375,8333333;395,8333333;631,6666667;726,4166667;789,5833333;884,3333333
59680;Colleret;212;242,1666667;272,1666667;302,1666667;322,1666667;484,3333333;556,9833333;605,4166667;678,0666667
59560;Comines;295;332,0833333;362,0833333;392,0833333;412,0833333;664,1666667;763,7916667;830,2083333;929,8333333
59163;Condé-sur-l'Escaut;264;298,5;328,5;358,5;378,5;597;686,55;746,25;835,8
59210;Coudekerque-Branche;343;384,0833333;414,0833333;444,0833333;464,0833333;768,1666667;883,3916667;960,2083333;1075,433333
59380;Coudekerque-Village;335;375,4166667;405,4166667;435,4166667;455,4166667;750,8333333;863,4583333;938,5416667;1051,166667
59552;Courchelettes;244;276,8333333;306,8333333;336,8333333;356,8333333;553,6666667;636,7166667;692,0833333;775,1333333
59149;Cousolre;219;249,75;279,75;309,75;329,75;499,5;574,425;624,375;699,3
59310;Coutiches;270;305;335;365;385;610;701,5;762,5;854
59279;Craywick;342;383;413;443;463;766;880,9;957,5;1072,4
59154;Crespin;260;294,1666667;324,1666667;354,1666667;374,1666667;588,3333333;676,5833333;735,4166667;823,6666667
59258;Crèvecœur-sur-l'Escaut;206;235,6666667;265,6666667;295,6666667;315,6666667;471,3333333;542,0333333;589,1666667;659,8666667
59380;Crochte;335;375,4166667;405,4166667;435,4166667;455,4166667;750,8333333;863,4583333;938,5416667;1051,166667
59170;Croix;281;316,9166667;346,9166667;376,9166667;396,9166667;633,8333333;728,9083333;792,2916667;887,3666667
59222;Croix-Caluyau;201;230,25;260,25;290,25;310,25;460,5;529,575;575,625;644,7
59500;Cuincy;237;269,25;299,25;329,25;349,25;538,5;619,275;673,125;753,9
59990;Curgies;250;283,3333333;313,3333333;343,3333333;363,3333333;566,6666667;651,6666667;708,3333333;793,3333333
59268;Cuvillers;218;248,6666667;278,6666667;308,6666667;328,6666667;497,3333333;571,9333333;621,6666667;696,2666667
59830;Cysoing;280;315,8333333;345,8333333;375,8333333;395,8333333;631,6666667;726,4166667;789,5833333;884,3333333
59680;Damousies;212;242,1666667;272,1666667;302,1666667;322,1666667;484,3333333;556,9833333;605,4166667;678,0666667
59187;Dechy;232;263,8333333;293,8333333;323,8333333;343,8333333;527,6666667;606,8166667;659,5833333;738,7333333
59127;Dehéries;215;245,4166667;275,4166667;305,4166667;325,4166667;490,8333333;564,4583333;613,5416667;687,1666667
59220;Denain;235;267,0833333;297,0833333;327,0833333;347,0833333;534,1666667;614,2916667;667,7083333;747,8333333
59890;Deûlémont;291;327,75;357,75;387,75;407,75;655,5;753,825;819,375;917,7
59740;Dimechaux;199;228,0833333;258,0833333;288,0833333;308,0833333;456,1666667;524,5916667;570,2083333;638,6333333
59216;Dimont;203;232,4166667;262,4166667;292,4166667;312,4166667;464,8333333;534,5583333;581,0416667;650,7666667
62147;Doignies;214;244,3333333;274,3333333;304,3333333;324,3333333;488,6666667;561,9666667;610,8333333;684,1333333
59440;Dompierre-sur-Helpe;195;223,75;253,75;283,75;303,75;447,5;514,625;559,375;626,5
59272;Don;263;297,4166667;327,4166667;357,4166667;377,4166667;594,8333333;684,0583333;743,5416667;832,7666667
59500;Douai;233;264,9166667;294,9166667;324,9166667;344,9166667;529,8333333;609,3083333;662,2916667;741,7666667
59282;Douchy-les-Mines;232;263,8333333;293,8333333;323,8333333;343,8333333;527,6666667;606,8166667;659,5833333;738,7333333
59940;Le Doulieu;287;323,4166667;353,4166667;383,4166667;403,4166667;646,8333333;743,8583333;808,5416667;905,5666667
59440;Dourlers;195;223,75;253,75;283,75;303,75;447,5;514,625;559,375;626,5
59630;Drincham;333;373,25;403,25;433,25;453,25;746,5;858,475;933,125;1045,1
59140;Dunkerque;350;391,6666667;421,6666667;451,6666667;471,6666667;783,3333333;900,8333333;979,1666667;1096,666667
59173;Ebblinghem;303;340,75;370,75;400,75;420,75;681,5;783,725;851,875;954,1
59176;Écaillon;234;266;296;326;346;532;611,8;665;744,8
59740;Eccles;203;232,4166667;262,4166667;292,4166667;312,4166667;464,8333333;534,5583333;581,0416667;650,7666667
59330;Éclaibes;205;234,5833333;264,5833333;294,5833333;314,5833333;469,1666667;539,5416667;586,4583333;656,8333333
59620;Écuélin;202;231,3333333;261,3333333;291,3333333;311,3333333;462,6666667;532,0666667;578,3333333;647,7333333
59114;Eecke;313;351,5833333;381,5833333;411,5833333;431,5833333;703,1666667;808,6416667;878,9583333;984,4333333
59600;Élesmes;218;248,6666667;278,6666667;308,6666667;328,6666667;497,3333333;571,9333333;621,6666667;696,2666667
59127;Élincourt;201;230,25;260,25;290,25;310,25;460,5;529,575;575,625;644,7
59580;Émerchicourt;229;260,5833333;290,5833333;320,5833333;340,5833333;521,1666667;599,3416667;651,4583333;729,6333333
59320;Emmerin;269;303,9166667;333,9166667;363,9166667;383,9166667;607,8333333;699,0083333;759,7916667;850,9666667
59530;Englefontaine;202;231,3333333;261,3333333;291,3333333;311,3333333;462,6666667;532,0666667;578,3333333;647,7333333
59320;Englos;293;329,9166667;359,9166667;389,9166667;409,9166667;659,8333333;758,8083333;824,7916667;923,7666667
59320;Ennetières-en-Weppes;282;318;348;378;398;636;731,4;795;890,4
59710;Ennevelin;267;301,75;331,75;361,75;381,75;603,5;694,025;754,375;844,9
59132;Eppe-Sauvage;204;233,5;263,5;293,5;313,5;467;537,05;583,75;653,8
59169;Erchin;231;262,75;292,75;322,75;342,75;525,5;604,325;656,875;735,7
59470;Eringhem;338;378,6666667;408,6666667;438,6666667;458,6666667;757,3333333;870,9333333;946,6666667;1060,266667
59320;Erquinghem-le-Sec;283;319,0833333;349,0833333;379,0833333;399,0833333;638,1666667;733,8916667;797,7083333;893,4333333
59193;Erquinghem-Lys;294;331;361;391;411;662;761,3;827,5;926,8
59171;Erre;239;271,4166667;301,4166667;331,4166667;351,4166667;542,8333333;624,2583333;678,5416667;759,9666667
59213;Escarmain;249;282,25;312,25;342,25;362,25;564,5;649,175;705,625;790,3
59124;Escaudain;235;267,0833333;297,0833333;327,0833333;347,0833333;534,1666667;614,2916667;667,7083333;747,8333333
59161;Escaudœuvres;218;248,6666667;278,6666667;308,6666667;328,6666667;497,3333333;571,9333333;621,6666667;696,2666667
59278;Escautpont;259;293,0833333;323,0833333;353,0833333;373,0833333;586,1666667;674,0916667;732,7083333;820,6333333
59320;Escobecques;283;319,0833333;349,0833333;379,0833333;399,0833333;638,1666667;733,8916667;797,7083333;893,4333333
59127;Esnes;210;240;270;300;320;480;552;600;672
59470;Esquelbecq;331;371,0833333;401,0833333;431,0833333;451,0833333;742,1666667;853,4916667;927,7083333;1039,033333
59553;Esquerchin;248;281,1666667;311,1666667;341,1666667;361,1666667;562,3333333;646,6833333;702,9166667;787,2666667
59940;Estaires;285;321,25;351,25;381,25;401,25;642,5;738,875;803,125;899,5
59400;Estourmel;215;245,4166667;275,4166667;305,4166667;325,4166667;490,8333333;564,4583333;613,5416667;687,1666667
59151;Estrées;227;258,4166667;288,4166667;318,4166667;338,4166667;516,8333333;594,3583333;646,0416667;723,5666667
59990;Estreux;249;282,25;312,25;342,25;362,25;564,5;649,175;705,625;790,3
59295;Estrun;227;258,4166667;288,4166667;318,4166667;338,4166667;516,8333333;594,3583333;646,0416667;723,5666667
59161;Eswars;219;249,75;279,75;309,75;329,75;499,5;574,425;624,375;699,3
59144;Eth;256;289,8333333;319,8333333;349,8333333;369,8333333;579,6666667;666,6166667;724,5833333;811,5333333
59219;Étrœungt;186;214;244;274;294;428;492,2;535;599,2
59155;Faches-Thumesnil;269;303,9166667;333,9166667;363,9166667;383,9166667;607,8333333;699,0083333;759,7916667;850,9666667
59300;Famars;245;277,9166667;307,9166667;337,9166667;357,9166667;555,8333333;639,2083333;694,7916667;778,1666667
59310;Faumont;262;296,3333333;326,3333333;356,3333333;376,3333333;592,6666667;681,5666667;740,8333333;829,7333333
59550;Le Favril;193;221,5833333;251,5833333;281,5833333;301,5833333;443,1666667;509,6416667;553,9583333;620,4333333
59247;Féchain;227;258,4166667;288,4166667;318,4166667;338,4166667;516,8333333;594,3583333;646,0416667;723,5666667
59750;Feignies;273;308,25;338,25;368,25;388,25;616,5;708,975;770,625;863,1
59740;Felleries;200;229,1666667;259,1666667;289,1666667;309,1666667;458,3333333;527,0833333;572,9166667;641,6666667
59179;Fenain;240;272,5;302,5;332,5;352,5;545;626,75;681,25;763
59169;Férin;231;262,75;292,75;322,75;342,75;525,5;604,325;656,875;735,7
59610;Féron;189;217,25;247,25;277,25;297,25;434,5;499,675;543,125;608,3
59680;Ferrière-la-Grande;212;242,1666667;272,1666667;302,1666667;322,1666667;484,3333333;556,9833333;605,4166667;678,0666667
59680;Ferrière-la-Petite;211;241,0833333;271,0833333;301,0833333;321,0833333;482,1666667;554,4916667;602,7083333;675,0333333
59570;La Flamengrie;179;206,4166667;236,4166667;266,4166667;286,4166667;412,8333333;474,7583333;516,0416667;577,9666667
59440;Flaumont-Waudrechies;195;223,75;253,75;283,75;303,75;447,5;514,625;559,375;626,5
59128;Flers-en-Escrebieux;253;286,5833333;316,5833333;346,5833333;366,5833333;573,1666667;659,1416667;716,4583333;802,4333333
59267;Flesquières;206;235,6666667;265,6666667;295,6666667;315,6666667;471,3333333;542,0333333;589,1666667;659,8666667
59270;Flêtre;307;345,0833333;375,0833333;405,0833333;425,0833333;690,1666667;793,6916667;862,7083333;966,2333333
59158;Flines-lès-Mortagne;262;296,3333333;326,3333333;356,3333333;376,3333333;592,6666667;681,5666667;740,8333333;829,7333333
59148;Flines-lez-Raches;255;288,75;318,75;348,75;368,75;577,5;664,125;721,875;808,5
59440;Floursies;201;230,25;260,25;290,25;310,25;460,5;529,575;575,625;644,7
59219;Floyon;187;215,0833333;245,0833333;275,0833333;295,0833333;430,1666667;494,6916667;537,7083333;602,2333333
59550;Fontaine-au-Bois;198;227;257;287;307;454;522,1;567,5;635,6
59157;Fontaine-au-Pire;220;250,8333333;280,8333333;310,8333333;330,8333333;501,6666667;576,9166667;627,0833333;702,3333333
59400;Fontaine-Notre-Dame;214;244,3333333;274,3333333;304,3333333;324,3333333;488,6666667;561,9666667;610,8333333;684,1333333
59222;Forest-en-Cambrésis;199;228,0833333;258,0833333;288,0833333;308,0833333;456,1666667;524,5916667;570,2083333;638,6333333
59510;Forest-sur-Marque;277;312,5833333;342,5833333;372,5833333;392,5833333;625,1666667;718,9416667;781,4583333;875,2333333
59610;Fourmies;187;215,0833333;245,0833333;275,0833333;295,0833333;430,1666667;494,6916667;537,7083333;602,2333333
59134;Fournes-en-Weppes;276;311,5;341,5;371,5;391,5;623;716,45;778,75;872,2
59530;Frasnoy;260;294,1666667;324,1666667;354,1666667;374,1666667;588,3333333;676,5833333;735,4166667;823,6666667
59236;Frelinghien;293;329,9166667;359,9166667;389,9166667;409,9166667;659,8333333;758,8083333;824,7916667;923,7666667
59970;Fresnes-sur-Escaut;258;292;322;352;372;584;671,6;730;817,6
59234;Fressain;227;258,4166667;288,4166667;318,4166667;338,4166667;516,8333333;594,3583333;646,0416667;723,5666667
59268;Fressies;224;255,1666667;285,1666667;315,1666667;335,1666667;510,3333333;586,8833333;637,9166667;714,4666667
59273;Fretin;268;302,8333333;332,8333333;362,8333333;382,8333333;605,6666667;696,5166667;757,0833333;847,9333333
59249;Fromelles;278;313,6666667;343,6666667;373,6666667;393,6666667;627,3333333;721,4333333;784,1666667;878,2666667
59242;Genech;276;311,5;341,5;371,5;391,5;623;716,45;778,75;872,2
59530;Ghissignies;208;237,8333333;267,8333333;297,8333333;317,8333333;475,6666667;547,0166667;594,5833333;665,9333333
59254;Ghyvelde;343;384,0833333;414,0833333;444,0833333;464,0833333;768,1666667;883,3916667;960,2083333;1075,433333
59132;Glageon;193;221,5833333;251,5833333;281,5833333;301,5833333;443,1666667;509,6416667;553,9583333;620,4333333
59270;Godewaersvelde;311;349,4166667;379,4166667;409,4166667;429,4166667;698,8333333;803,6583333;873,5416667;978,3666667
59169;Gœulzin;227;258,4166667;288,4166667;318,4166667;338,4166667;516,8333333;594,3583333;646,0416667;723,5666667
59600;Gognies-Chaussée;275;310,4166667;340,4166667;370,4166667;390,4166667;620,8333333;713,9583333;776,0416667;869,1666667
59144;Gommegnies;214;244,3333333;274,3333333;304,3333333;324,3333333;488,6666667;561,9666667;610,8333333;684,1333333
59147;Gondecourt;262;296,3333333;326,3333333;356,3333333;376,3333333;592,6666667;681,5666667;740,8333333;829,7333333
59231;Gonnelieu;199;228,0833333;258,0833333;288,0833333;308,0833333;456,1666667;524,5916667;570,2083333;638,6333333
59253;La Gorgue;284;320,1666667;350,1666667;380,1666667;400,1666667;640,3333333;736,3833333;800,4166667;896,4666667
59231;Gouzeaucourt;200;229,1666667;259,1666667;289,1666667;309,1666667;458,3333333;527,0833333;572,9166667;641,6666667
59760;Grande-Synthe;348;389,5;419,5;449,5;469,5;779;895,85;973,75;1090,6
59244;Grand-Fayt;200;229,1666667;259,1666667;289,1666667;309,1666667;458,3333333;527,0833333;572,9166667;641,6666667
59153;Grand-Fort-Philippe;343;384,0833333;414,0833333;444,0833333;464,0833333;768,1666667;883,3916667;960,2083333;1075,433333
59820;Gravelines;341;381,9166667;411,9166667;441,9166667;461,9166667;763,8333333;878,4083333;954,7916667;1069,366667
59360;La Groise;188;216,1666667;246,1666667;276,1666667;296,1666667;432,3333333;497,1833333;540,4166667;605,2666667
59152;Gruson;278;313,6666667;343,6666667;373,6666667;393,6666667;627,3333333;721,4333333;784,1666667;878,2666667
59287;Guesnain;234;266;296;326;346;532;611,8;665;744,8
59570;Gussignies;266;300,6666667;330,6666667;360,6666667;380,6666667;601,3333333;691,5333333;751,6666667;841,8666667
59320;Hallennes-lez-Haubourdin;283;319,0833333;349,0833333;379,0833333;399,0833333;638,1666667;733,8916667;797,7083333;893,4333333
59250;Halluin;292;328,8333333;358,8333333;388,8333333;408,8333333;657,6666667;756,3166667;822,0833333;920,7333333
59151;Hamel;226;257,3333333;287,3333333;317,3333333;337,3333333;514,6666667;591,8666667;643,3333333;720,5333333
59496;Hantay;271;306,0833333;336,0833333;366,0833333;386,0833333;612,1666667;703,9916667;765,2083333;857,0333333
59670;Hardifort;312;350,5;380,5;410,5;430,5;701;806,15;876,25;981,4
59138;Hargnies;185;212,9166667;242,9166667;272,9166667;292,9166667;425,8333333;489,7083333;532,2916667;596,1666667
59178;Hasnon;253;286,5833333;316,5833333;346,5833333;366,5833333;573,1666667;659,1416667;716,4583333;802,4333333
59198;Haspres;234;266;296;326;346;532;611,8;665;744,8
59320;Haubourdin;271;306,0833333;336,0833333;366,0833333;386,0833333;612,1666667;703,9916667;765,2083333;857,0333333
59191;Haucourt-en-Cambrésis;213;243,25;273,25;303,25;323,25;486,5;559,475;608,125;681,1
59121;Haulchin;235;267,0833333;297,0833333;327,0833333;347,0833333;534,1666667;614,2916667;667,7083333;747,8333333
59294;Haussy;240;272,5;302,5;332,5;352,5;545;626,75;681,25;763
59440;Haut-Lieu;192;220,5;250,5;280,5;300,5;441;507,15;551,25;617,4
59330;Hautmont;210;240;270;300;320;480;552;600;672
59255;Haveluy;238;270,3333333;300,3333333;330,3333333;350,3333333;540,6666667;621,7666667;675,8333333;756,9333333
59660;Haverskerque;284;320,1666667;350,1666667;380,1666667;400,1666667;640,3333333;736,3833333;800,4166667;896,4666667
59268;Haynecourt;217;247,5833333;277,5833333;307,5833333;327,5833333;495,1666667;569,4416667;618,9583333;693,2333333
59190;Hazebrouck;314;352,6666667;382,6666667;412,6666667;432,6666667;705,3333333;811,1333333;881,6666667;987,4666667
59530;Hecq;202;231,3333333;261,3333333;291,3333333;311,3333333;462,6666667;532,0666667;578,3333333;647,7333333
59171;Hélesmes;240;272,5;302,5;332,5;352,5;545;626,75;681,25;763
59510;Hem;280;315,8333333;345,8333333;375,8333333;395,8333333;631,6666667;726,4166667;789,5833333;884,3333333
59247;Hem-Lenglet;223;254,0833333;284,0833333;314,0833333;334,0833333;508,1666667;584,3916667;635,2083333;711,4333333
59199;Hergnies;266;300,6666667;330,6666667;360,6666667;380,6666667;601,3333333;691,5333333;751,6666667;841,8666667
59195;Hérin;241;273,5833333;303,5833333;333,5833333;353,5833333;547,1666667;629,2416667;683,9583333;766,0333333
59134;Herlies;274;309,3333333;339,3333333;369,3333333;389,3333333;618,6666667;711,4666667;773,3333333;866,1333333
59147;Herrin;263;297,4166667;327,4166667;357,4166667;377,4166667;594,8333333;684,0583333;743,5416667;832,7666667
59470;Herzeele;325;364,5833333;394,5833333;424,5833333;444,5833333;729,1666667;838,5416667;911,4583333;1020,833333
59740;Hestrud;204;233,5;263,5;293,5;313,5;467;537,05;583,75;653,8
59143;Holque;323;362,4166667;392,4166667;422,4166667;442,4166667;724,8333333;833,5583333;906,0416667;1014,766667
59190;Hondeghem;304;341,8333333;371,8333333;401,8333333;421,8333333;683,6666667;786,2166667;854,5833333;957,1333333
59122;Hondschoote;334;374,3333333;404,3333333;434,3333333;454,3333333;748,6666667;860,9666667;935,8333333;1048,133333
59570;Hon-Hergies;268;302,8333333;332,8333333;362,8333333;382,8333333;605,6666667;696,5166667;757,0833333;847,9333333
59980;Honnechy;192;220,5;250,5;280,5;300,5;441;507,15;551,25;617,4
59266;Honnecourt-sur-Escaut;205;234,5833333;264,5833333;294,5833333;314,5833333;469,1666667;539,5416667;586,4583333;656,8333333
59111;Hordain;225;256,25;286,25;316,25;336,25;512,5;589,375;640,625;717,5
59171;Hornaing;241;273,5833333;303,5833333;333,5833333;353,5833333;547,1666667;629,2416667;683,9583333;766,0333333
59570;Houdain-lez-Bavay;264;298,5;328,5;358,5;378,5;597;686,55;746,25;835,8
59263;Houplin-Ancoisne;267;301,75;331,75;361,75;381,75;603,5;694,025;754,375;844,9
59116;Houplines;291;327,75;357,75;387,75;407,75;655,5;753,825;819,375;917,7
59470;Houtkerque;323;362,4166667;392,4166667;422,4166667;442,4166667;724,8333333;833,5583333;906,0416667;1014,766667
59492;Hoymille;337;377,5833333;407,5833333;437,5833333;457,5833333;755,1666667;868,4416667;943,9583333;1057,233333
59480;Illies;272;307,1666667;337,1666667;367,1666667;387,1666667;614,3333333;706,4833333;767,9166667;860,0666667
59540;Inchy;199;228,0833333;258,0833333;288,0833333;308,0833333;456,1666667;524,5916667;570,2083333;638,6333333
59141;Iwuy;225;256,25;286,25;316,25;336,25;512,5;589,375;640,625;717,5
59144;Jenlain;252;285,5;315,5;345,5;365,5;571;656,65;713,75;799,4
59460;Jeumont;224;255,1666667;285,1666667;315,1666667;335,1666667;510,3333333;586,8833333;637,9166667;714,4666667
59530;Jolimetz;208;237,8333333;267,8333333;297,8333333;317,8333333;475,6666667;547,0166667;594,5833333;665,9333333
59122;Killem;334;374,3333333;404,3333333;434,3333333;454,3333333;748,6666667;860,9666667;935,8333333;1048,133333
59167;Lallaing;250;283,3333333;313,3333333;343,3333333;363,3333333;566,6666667;651,6666667;708,3333333;793,3333333
59130;Lambersart;279;314,75;344,75;374,75;394,75;629,5;723,925;786,875;881,3
59552;Lambres-lez-Douai;235;267,0833333;297,0833333;327,0833333;347,0833333;534,1666667;614,2916667;667,7083333;747,8333333
59310;Landas;261;295,25;325,25;355,25;375,25;590,5;679,075;738,125;826,7
59550;Landrecies;194;222,6666667;252,6666667;282,6666667;302,6666667;445,3333333;512,1333333;556,6666667;623,4666667
59390;Lannoy;284;320,1666667;350,1666667;380,1666667;400,1666667;640,3333333;736,3833333;800,4166667;896,4666667
59219;Larouillies;183;210,75;240,75;270,75;290,75;421,5;484,725;526,875;590,1
59553;Lauwin-Planque;254;287,6666667;317,6666667;347,6666667;367,6666667;575,3333333;661,6333333;719,1666667;805,4666667
59226;Lecelles;262;296,3333333;326,3333333;356,3333333;376,3333333;592,6666667;681,5666667;740,8333333;829,7333333
59259;Lécluse;224;255,1666667;285,1666667;315,1666667;335,1666667;510,3333333;586,8833333;637,9166667;714,4666667
59143;Lederzeele;324;363,5;393,5;423,5;443,5;727;836,05;908,75;1017,8
59470;Ledringhem;314;352,6666667;382,6666667;412,6666667;432,6666667;705,3333333;811,1333333;881,6666667;987,4666667
59115;Leers;285;321,25;351,25;381,25;401,25;642,5;738,875;803,125;899,5
59495;Leffrinckoucke;357;399,25;429,25;459,25;479,25;798,5;918,275;998,125;1117,9
59258;Lesdain;207;236,75;266,75;296,75;316,75;473,5;544,525;591,875;662,9
59810;Lesquin;268;302,8333333;332,8333333;362,8333333;382,8333333;605,6666667;696,5166667;757,0833333;847,9333333
59620;Leval;206;235,6666667;265,6666667;295,6666667;315,6666667;471,3333333;542,0333333;589,1666667;659,8666667
59287;Lewarde;233;264,9166667;294,9166667;324,9166667;344,9166667;529,8333333;609,3083333;662,2916667;741,7666667
59260;Lezennes;274;309,3333333;339,3333333;369,3333333;389,3333333;618,6666667;711,4666667;773,3333333;866,1333333
59740;Lez-Fontaine;206;235,6666667;265,6666667;295,6666667;315,6666667;471,3333333;542,0333333;589,1666667;659,8666667
59740;Liessies;192;220,5;250,5;280,5;300,5;441;507,15;551,25;617,4
59111;Lieu-Saint-Amand;228;259,5;289,5;319,5;339,5;519;596,85;648,75;726,6
59191;Ligny-en-Cambrésis;215;245,4166667;275,4166667;305,4166667;325,4166667;490,8333333;564,4583333;613,5416667;687,1666667
59000;Lille;274;309,3333333;339,3333333;369,3333333;389,3333333;618,6666667;711,4666667;773,3333333;866,1333333
59330;Limont-Fontaine;203;232,4166667;262,4166667;292,4166667;312,4166667;464,8333333;534,5583333;581,0416667;650,7666667
59126;Linselles;290;326,6666667;356,6666667;386,6666667;406,6666667;653,3333333;751,3333333;816,6666667;914,6666667
59530;Locquignol;207;236,75;266,75;296,75;316,75;473,5;544,525;591,875;662,9
59182;Loffre;234;266;296;326;346;532;611,8;665;744,8
59840;Lompret;288;324,5;354,5;384,5;404,5;649;746,35;811,25;908,6
59570;La Longueville;269;303,9166667;333,9166667;363,9166667;383,9166667;607,8333333;699,0083333;759,7916667;850,9666667
59630;Looberghe;332;372,1666667;402,1666667;432,1666667;452,1666667;744,3333333;855,9833333;930,4166667;1042,066667
59279;Loon-Plage;340;380,8333333;410,8333333;440,8333333;460,8333333;761,6666667;875,9166667;952,0833333;1066,333333
59120;Loos;276;311,5;341,5;371,5;391,5;623;716,45;778,75;872,2
59156;Lourches;233;264,9166667;294,9166667;324,9166667;344,9166667;529,8333333;609,3083333;662,2916667;741,7666667
59530;Louvignies-Quesnoy;206;235,6666667;265,6666667;295,6666667;315,6666667;471,3333333;542,0333333;589,1666667;659,8666667
59830;Louvil;276;311,5;341,5;371,5;391,5;623;716,45;778,75;872,2
59720;Louvroil;212;242,1666667;272,1666667;302,1666667;322,1666667;484,3333333;556,9833333;605,4166667;678,0666667
59173;Lynde;298;335,3333333;365,3333333;395,3333333;415,3333333;670,6666667;771,2666667;838,3333333;938,9333333
59390;Lys-lez-Lannoy;285;321,25;351,25;381,25;401,25;642,5;738,875;803,125;899,5
59110;La Madeleine;276;311,5;341,5;371,5;391,5;623;716,45;778,75;872,2
59233;Maing;240;272,5;302,5;332,5;352,5;545;626,75;681,25;763
59600;Mairieux;221;251,9166667;281,9166667;311,9166667;331,9166667;503,8333333;579,4083333;629,7916667;705,3666667
59134;Le Maisnil;280;315,8333333;345,8333333;375,8333333;395,8333333;631,6666667;726,4166667;789,5833333;884,3333333
59127;Malincourt;213;243,25;273,25;303,25;323,25;486,5;559,475;608,125;681,1
59440;Marbaix;205;234,5833333;264,5833333;294,5833333;314,5833333;469,1666667;539,5416667;586,4583333;656,8333333
59870;Marchiennes;249;282,25;312,25;342,25;362,25;564,5;649,175;705,625;790,3
59159;Marcoing;206;235,6666667;265,6666667;295,6666667;315,6666667;471,3333333;542,0333333;589,1666667;659,8666667
59700;Marcq-en-Barœul;278;313,6666667;343,6666667;373,6666667;393,6666667;627,3333333;721,4333333;784,1666667;878,2666667
59252;Marcq-en-Ostrevent;227;258,4166667;288,4166667;318,4166667;338,4166667;516,8333333;594,3583333;646,0416667;723,5666667
59990;Maresches;251;284,4166667;314,4166667;344,4166667;364,4166667;568,8333333;654,1583333;711,0416667;796,3666667
59238;Maretz;201;230,25;260,25;290,25;310,25;460,5;529,575;575,625;644,7
59770;Marly;245;277,9166667;307,9166667;337,9166667;357,9166667;555,8333333;639,2083333;694,7916667;778,1666667
59550;Maroilles;198;227;257;287;307;454;522,1;567,5;635,6
59164;Marpent;221;251,9166667;281,9166667;311,9166667;331,9166667;503,8333333;579,4083333;629,7916667;705,3666667
59252;Marquette-en-Ostrevant;228;259,5;289,5;319,5;339,5;519;596,85;648,75;726,6
59520;Marquette-lez-Lille;279;314,75;344,75;374,75;394,75;629,5;723,925;786,875;881,3
59274;Marquillies;271;306,0833333;336,0833333;366,0833333;386,0833333;612,1666667;703,9916667;765,2083333;857,0333333
59241;Masnières;203;232,4166667;262,4166667;292,4166667;312,4166667;464,8333333;534,5583333;581,0416667;650,7666667
59176;Masny;234;266;296;326;346;532;611,8;665;744,8
59172;Mastaing;231;262,75;292,75;322,75;342,75;525,5;604,325;656,875;735,7
59600;Maubeuge;215;245,4166667;275,4166667;305,4166667;325,4166667;490,8333333;564,4583333;613,5416667;687,1666667
59158;Maulde;261;295,25;325,25;355,25;375,25;590,5;679,075;738,125;826,7
59980;Maurois;206;235,6666667;265,6666667;295,6666667;315,6666667;471,3333333;542,0333333;589,1666667;659,8666667
59360;Mazinghien;188;216,1666667;246,1666667;276,1666667;296,1666667;432,3333333;497,1833333;540,4166667;605,2666667
59570;Mecquignies;219;249,75;279,75;309,75;329,75;499,5;574,425;624,375;699,3
59470;Merckeghem;329;368,9166667;398,9166667;428,9166667;448,9166667;737,8333333;848,5083333;922,2916667;1032,966667
59710;Mérignies;268;302,8333333;332,8333333;362,8333333;382,8333333;605,6666667;696,5166667;757,0833333;847,9333333
59270;Merris;309;347,25;377,25;407,25;427,25;694,5;798,675;868,125;972,3
59660;Merville;283;319,0833333;349,0833333;379,0833333;399,0833333;638,1666667;733,8916667;797,7083333;893,4333333
59270;Méteren;304;341,8333333;371,8333333;401,8333333;421,8333333;683,6666667;786,2166667;854,5833333;957,1333333
59143;Millam;325;364,5833333;394,5833333;424,5833333;444,5833333;729,1666667;838,5416667;911,4583333;1020,833333
59178;Millonfosse;254;287,6666667;317,6666667;347,6666667;367,6666667;575,3333333;661,6333333;719,1666667;805,4666667
59122;Les Moëres;338;378,6666667;408,6666667;438,6666667;458,6666667;757,3333333;870,9333333;946,6666667;1060,266667
62147;Mœuvres;220;250,8333333;280,8333333;310,8333333;330,8333333;501,6666667;576,9166667;627,0833333;702,3333333
59620;Monceau-Saint-Waast;202;231,3333333;261,3333333;291,3333333;311,3333333;462,6666667;532,0666667;578,3333333;647,7333333
59224;Monchaux-sur-Écaillon;238;270,3333333;300,3333333;330,3333333;350,3333333;540,6666667;621,7666667;675,8333333;756,9333333
59283;Moncheaux;256;289,8333333;319,8333333;349,8333333;369,8333333;579,6666667;666,6166667;724,5833333;811,5333333
59234;Monchecourt;229;260,5833333;290,5833333;320,5833333;340,5833333;521,1666667;599,3416667;651,4583333;729,6333333
59370;Mons-en-Barœul;275;310,4166667;340,4166667;370,4166667;390,4166667;620,8333333;713,9583333;776,0416667;869,1666667
59246;Mons-en-Pévèle;259;293,0833333;323,0833333;353,0833333;373,0833333;586,1666667;674,0916667;732,7083333;820,6333333
59360;Montay;195;223,75;253,75;283,75;303,75;447,5;514,625;559,375;626,5
59225;Montigny-en-Cambrésis;207;236,75;266,75;296,75;316,75;473,5;544,525;591,875;662,9
59182;Montigny-en-Ostrevent;251;284,4166667;314,4166667;344,4166667;364,4166667;568,8333333;654,1583333;711,0416667;796,3666667
59227;Montrécourt;238;270,3333333;300,3333333;330,3333333;350,3333333;540,6666667;621,7666667;675,8333333;756,9333333
59190;Morbecque;296;333,1666667;363,1666667;393,1666667;413,1666667;666,3333333;766,2833333;832,9166667;932,8666667
59158;Mortagne-du-Nord;261;295,25;325,25;355,25;375,25;590,5;679,075;738,125;826,7
59310;Mouchin;274;309,3333333;339,3333333;369,3333333;389,3333333;618,6666667;711,4666667;773,3333333;866,1333333
59132;Moustier-en-Fagne;191;219,4166667;249,4166667;279,4166667;299,4166667;438,8333333;504,6583333;548,5416667;614,3666667
59420;Mouvaux;286;322,3333333;352,3333333;382,3333333;402,3333333;644,6666667;741,3666667;805,8333333;902,5333333
59161;Naves;221;251,9166667;281,9166667;311,9166667;331,9166667;503,8333333;579,4083333;629,7916667;705,3666667
59940;Neuf-Berquin;287;323,4166667;353,4166667;383,4166667;403,4166667;646,8333333;743,8583333;808,5416667;905,5666667
59330;Neuf-Mesnil;213;243,25;273,25;303,25;323,25;486,5;559,475;608,125;681,1
59239;La Neuville;259;293,0833333;323,0833333;353,0833333;373,0833333;586,1666667;674,0916667;732,7083333;820,6333333
59218;Neuville-en-Avesnois;207;236,75;266,75;296,75;316,75;473,5;544,525;591,875;662,9
59960;Neuville-en-Ferrain;289;325,5833333;355,5833333;385,5833333;405,5833333;651,1666667;748,8416667;813,9583333;911,6333333
59554;Neuville-Saint-Rémy;217;247,5833333;277,5833333;307,5833333;327,5833333;495,1666667;569,4416667;618,9583333;693,2333333
59293;Neuville-sur-Escaut;230;261,6666667;291,6666667;321,6666667;341,6666667;523,3333333;601,8333333;654,1666667;732,6666667
59360;Neuvilly;198;227;257;287;307;454;522,1;567,5;635,6
59850;Nieppe;294;331;361;391;411;662;761,3;827,5;926,8
59400;Niergnies;212;242,1666667;272,1666667;302,1666667;322,1666667;484,3333333;556,9833333;605,4166667;678,0666667
59143;Nieurlet;321;360,25;390,25;420,25;440,25;720,5;828,575;900,625;1008,7
59230;Nivelle;257;290,9166667;320,9166667;350,9166667;370,9166667;581,8333333;669,1083333;727,2916667;814,5666667
59310;Nomain;270;305;335;365;385;610;701,5;762,5;854
59670;Noordpeene;310;348,3333333;378,3333333;408,3333333;428,3333333;696,6666667;801,1666667;870,8333333;975,3333333
59139;Noyelles-lès-Seclin;266;300,6666667;330,6666667;360,6666667;380,6666667;601,3333333;691,5333333;751,6666667;841,8666667
59159;Noyelles-sur-Escaut;208;237,8333333;267,8333333;297,8333333;317,8333333;475,6666667;547,0166667;594,5833333;665,9333333
59550;Noyelles-sur-Sambre;203;232,4166667;262,4166667;292,4166667;312,4166667;464,8333333;534,5583333;581,0416667;650,7666667
59282;Noyelles-sur-Selle;231;262,75;292,75;322,75;342,75;525,5;604,325;656,875;735,7
59570;Obies;217;247,5833333;277,5833333;307,5833333;327,5833333;495,1666667;569,4416667;618,9583333;693,2333333
59680;Obrechies;211;241,0833333;271,0833333;301,0833333;321,0833333;482,1666667;554,4916667;602,7083333;675,0333333
59670;Ochtezeele;311;349,4166667;379,4166667;409,4166667;429,4166667;698,8333333;803,6583333;873,5416667;978,3666667
59970;Odomez;265;299,5833333;329,5833333;359,5833333;379,5833333;599,1666667;689,0416667;748,9583333;838,8333333
59132;Ohain;183;210,75;240,75;270,75;290,75;421,5;484,725;526,875;590,1
59195;Oisy;239;271,4166667;301,4166667;331,4166667;351,4166667;542,8333333;624,2583333;678,5416667;759,9666667
59264;Onnaing;252;285,5;315,5;345,5;365,5;571;656,65;713,75;799,4
59122;Oost-Cappel;329;368,9166667;398,9166667;428,9166667;448,9166667;737,8333333;848,5083333;922,2916667;1032,966667
59310;Orchies;267;301,75;331,75;361,75;381,75;603,5;694,025;754,375;844,9
59360;Ors;185;212,9166667;242,9166667;272,9166667;292,9166667;425,8333333;489,7083333;532,2916667;596,1666667
59530;Orsinval;254;287,6666667;317,6666667;347,6666667;367,6666667;575,3333333;661,6333333;719,1666667;805,4666667
59162;Ostricourt;253;286,5833333;316,5833333;346,5833333;366,5833333;573,1666667;659,1416667;716,4583333;802,4333333
59670;Oudezeele;325;364,5833333;394,5833333;424,5833333;444,5833333;729,1666667;838,5416667;911,4583333;1020,833333
59670;Oxelaëre;305;342,9166667;372,9166667;402,9166667;422,9166667;685,8333333;788,7083333;857,2916667;960,1666667
59295;Paillencourt;224;255,1666667;285,1666667;315,1666667;335,1666667;510,3333333;586,8833333;637,9166667;714,4666667
59146;Pecquencourt;247;280,0833333;310,0833333;340,0833333;360,0833333;560,1666667;644,1916667;700,2083333;784,2333333
59840;Pérenchies;285;321,25;351,25;381,25;401,25;642,5;738,875;803,125;899,5
59273;Péronne-en-Mélantois;271;306,0833333;336,0833333;366,0833333;386,0833333;612,1666667;703,9916667;765,2083333;857,0333333
59494;Petite-Forêt;242;274,6666667;304,6666667;334,6666667;354,6666667;549,3333333;631,7333333;686,6666667;769,0666667
59244;Petit-Fayt;200;229,1666667;259,1666667;289,1666667;309,1666667;458,3333333;527,0833333;572,9166667;641,6666667
59133;Phalempin;260;294,1666667;324,1666667;354,1666667;374,1666667;588,3333333;676,5833333;735,4166667;823,6666667
59284;Pitgam;345;386,25;416,25;446,25;466,25;772,5;888,375;965,625;1081,5
59218;Poix-du-Nord;204;233,5;263,5;293,5;313,5;467;537,05;583,75;653,8
59360;Pommereuil;196;224,8333333;254,8333333;284,8333333;304,8333333;449,6666667;517,1166667;562,0833333;629,5333333
59710;Pont-à-Marcq;266;300,6666667;330,6666667;360,6666667;380,6666667;601,3333333;691,5333333;751,6666667;841,8666667
59138;Pont-sur-Sambre;212;242,1666667;272,1666667;302,1666667;322,1666667;484,3333333;556,9833333;605,4166667;678,0666667
59530;Potelle;211;241,0833333;271,0833333;301,0833333;321,0833333;482,1666667;554,4916667;602,7083333;675,0333333
59190;Pradelles;309;347,25;377,25;407,25;427,25;694,5;798,675;868,125;972,3
59840;Prémesques;285;321,25;351,25;381,25;401,25;642,5;738,875;803,125;899,5
59990;Préseau;248;281,1666667;311,1666667;341,1666667;361,1666667;562,3333333;646,6833333;702,9166667;787,2666667
59288;Preux-au-Bois;199;228,0833333;258,0833333;288,0833333;308,0833333;456,1666667;524,5916667;570,2083333;638,6333333
59144;Preux-au-Sart;257;290,9166667;320,9166667;350,9166667;370,9166667;581,8333333;669,1083333;727,2916667;814,5666667
59550;Prisches;194;222,6666667;252,6666667;282,6666667;302,6666667;445,3333333;512,1333333;556,6666667;623,4666667
59121;Prouvy;239;271,4166667;301,4166667;331,4166667;351,4166667;542,8333333;624,2583333;678,5416667;759,9666667
59267;Proville;217;247,5833333;277,5833333;307,5833333;327,5833333;495,1666667;569,4416667;618,9583333;693,2333333
59185;Provin;261;295,25;325,25;355,25;375,25;590,5;679,075;738,125;826,7
59380;Quaëdypre;332;372,1666667;402,1666667;432,1666667;452,1666667;744,3333333;855,9833333;930,4166667;1042,066667
59243;Quarouble;253;286,5833333;316,5833333;346,5833333;366,5833333;573,1666667;659,1416667;716,4583333;802,4333333
59269;Quérénaing;247;280,0833333;310,0833333;340,0833333;360,0833333;560,1666667;644,1916667;700,2083333;784,2333333
59530;Le Quesnoy;210;240;270;300;320;480;552;600;672
59890;Quesnoy-sur-Deûle;291;327,75;357,75;387,75;407,75;655,5;753,825;819,375;917,7
59680;Quiévelon;208;237,8333333;267,8333333;297,8333333;317,8333333;475,6666667;547,0166667;594,5833333;665,9333333
59920;Quiévrechain;258;292;322;352;372;584;671,6;730;817,6
59214;Quiévy;224;255,1666667;285,1666667;315,1666667;335,1666667;510,3333333;586,8833333;637,9166667;714,4666667
59194;Râches;257;290,9166667;320,9166667;350,9166667;370,9166667;581,8333333;669,1083333;727,2916667;814,5666667
59320;Radinghem-en-Weppes;285;321,25;351,25;381,25;401,25;642,5;738,875;803,125;899,5
59554;Raillencourt-Sainte-Olle;217;247,5833333;277,5833333;307,5833333;327,5833333;495,1666667;569,4416667;618,9583333;693,2333333
59283;Raimbeaucourt;257;290,9166667;320,9166667;350,9166667;370,9166667;581,8333333;669,1083333;727,2916667;814,5666667
59177;Rainsars;194;222,6666667;252,6666667;282,6666667;302,6666667;445,3333333;512,1333333;556,6666667;623,4666667
59590;Raismes;246;279;309;339;359;558;641,7;697,5;781,2
59161;Ramillies;217;247,5833333;277,5833333;307,5833333;327,5833333;495,1666667;569,4416667;618,9583333;693,2333333
59177;Ramousies;199;228,0833333;258,0833333;288,0833333;308,0833333;456,1666667;524,5916667;570,2083333;638,6333333
59530;Raucourt-au-Bois;205;234,5833333;264,5833333;294,5833333;314,5833333;469,1666667;539,5416667;586,4583333;656,8333333
59245;Recquignies;218;248,6666667;278,6666667;308,6666667;328,6666667;497,3333333;571,9333333;621,6666667;696,2666667
59360;Rejet-de-Beaulieu;185;212,9166667;242,9166667;272,9166667;292,9166667;425,8333333;489,7083333;532,2916667;596,1666667
59173;Renescure;312;350,5;380,5;410,5;430,5;701;806,15;876,25;981,4
59980;Reumont;207;236,75;266,75;296,75;316,75;473,5;544,525;591,875;662,9
59122;Rexpoëde;331;371,0833333;401,0833333;431,0833333;451,0833333;742,1666667;853,4916667;927,7083333;1039,033333
59159;Ribécourt-la-Tour;204;233,5;263,5;293,5;313,5;467;537,05;583,75;653,8
59870;Rieulay;244;276,8333333;306,8333333;336,8333333;356,8333333;553,6666667;636,7166667;692,0833333;775,1333333
59277;Rieux-en-Cambrésis;230;261,6666667;291,6666667;321,6666667;341,6666667;523,3333333;601,8333333;654,1666667;732,6666667
59550;Robersart;199;228,0833333;258,0833333;288,0833333;308,0833333;456,1666667;524,5916667;570,2083333;638,6333333
59172;Rœulx;232;263,8333333;293,8333333;323,8333333;343,8333333;527,6666667;606,8166667;659,5833333;738,7333333
59990;Rombies-et-Marchipont;253;286,5833333;316,5833333;346,5833333;366,5833333;573,1666667;659,1416667;716,4583333;802,4333333
59730;Romeries;207;236,75;266,75;296,75;316,75;473,5;544,525;591,875;662,9
59790;Ronchin;269;303,9166667;333,9166667;363,9166667;383,9166667;607,8333333;699,0083333;759,7916667;850,9666667
59223;Roncq;288;324,5;354,5;384,5;404,5;649;746,35;811,25;908,6
59286;Roost-Warendin;259;293,0833333;323,0833333;353,0833333;373,0833333;586,1666667;674,0916667;732,7083333;820,6333333
59230;Rosult;259;293,0833333;323,0833333;353,0833333;373,0833333;586,1666667;674,0916667;732,7083333;820,6333333
59100;Roubaix;284;320,1666667;350,1666667;380,1666667;400,1666667;640,3333333;736,3833333;800,4166667;896,4666667
59169;Roucourt;231;262,75;292,75;322,75;342,75;525,5;604,325;656,875;735,7
59131;Rousies;214;244,3333333;274,3333333;304,3333333;324,3333333;488,6666667;561,9666667;610,8333333;684,1333333
59220;Rouvignies;238;270,3333333;300,3333333;330,3333333;350,3333333;540,6666667;621,7666667;675,8333333;756,9333333
59285;Rubrouck;327;366,75;396,75;426,75;446,75;733,5;843,525;916,875;1026,9
59258;Les Rues-des-Vignes;203;232,4166667;262,4166667;292,4166667;312,4166667;464,8333333;534,5583333;581,0416667;650,7666667
59530;Ruesnes;250;283,3333333;313,3333333;343,3333333;363,3333333;566,6666667;651,6666667;708,3333333;793,3333333
59226;Rumegies;264;298,5;328,5;358,5;378,5;597;686,55;746,25;835,8
59281;Rumilly-en-Cambrésis;205;234,5833333;264,5833333;294,5833333;314,5833333;469,1666667;539,5416667;586,4583333;656,8333333
59554;Sailly-lez-Cambrai;214;244,3333333;274,3333333;304,3333333;324,3333333;488,6666667;561,9666667;610,8333333;684,1333333
59390;Sailly-lez-Lannoy;282;318;348;378;398;636;731,4;795;890,4
59262;Sainghin-en-Mélantois;274;309,3333333;339,3333333;369,3333333;389,3333333;618,6666667;711,4666667;773,3333333;866,1333333
59184;Sainghin-en-Weppes;265;299,5833333;329,5833333;359,5833333;379,5833333;599,1666667;689,0416667;748,9583333;838,8333333
59177;Sains-du-Nord;193;221,5833333;251,5833333;281,5833333;301,5833333;443,1666667;509,6416667;553,9583333;620,4333333
59230;Saint-Amand-les-Eaux;253;286,5833333;316,5833333;346,5833333;366,5833333;573,1666667;659,1416667;716,4583333;802,4333333
59350;Saint-André-lez-Lille;278;313,6666667;343,6666667;373,6666667;393,6666667;627,3333333;721,4333333;784,1666667;878,2666667
59188;Saint-Aubert;236;268,1666667;298,1666667;328,1666667;348,1666667;536,3333333;616,7833333;670,4166667;750,8666667
59440;Saint-Aubin;188;216,1666667;246,1666667;276,1666667;296,1666667;432,3333333;497,1833333;540,4166667;605,2666667
59163;Saint-Aybert;260;294,1666667;324,1666667;354,1666667;374,1666667;588,3333333;676,5833333;735,4166667;823,6666667
59360;Saint-Benin;192;220,5;250,5;280,5;300,5;441;507,15;551,25;617,4
59820;Saint-Georges-sur-l'Aa;343;384,0833333;414,0833333;444,0833333;464,0833333;768,1666667;883,3916667;960,2083333;1075,433333
59292;Saint-Hilaire-lez-Cambrai;224;255,1666667;285,1666667;315,1666667;335,1666667;510,3333333;586,8833333;637,9166667;714,4666667
59440;Saint-Hilaire-sur-Helpe;196;224,8333333;254,8333333;284,8333333;304,8333333;449,6666667;517,1166667;562,0833333;629,5333333
59270;Saint-Jans-Cappel;308;346,1666667;376,1666667;406,1666667;426,1666667;692,3333333;796,1833333;865,4166667;969,2666667
59670;Sainte-Marie-Cappel;307;345,0833333;375,0833333;405,0833333;425,0833333;690,1666667;793,6916667;862,7083333;966,2333333
59213;Saint-Martin-sur-Écaillon;246;279;309;339;359;558;641,7;697,5;781,2
59143;Saint-Momelin;319;358,0833333;388,0833333;418,0833333;438,0833333;716,1666667;823,5916667;895,2083333;1002,633333
59630;Saint-Pierre-Brouck;328;367,8333333;397,8333333;427,8333333;447,8333333;735,6666667;846,0166667;919,5833333;1029,933333
59730;Saint-Python;230;261,6666667;291,6666667;321,6666667;341,6666667;523,3333333;601,8333333;654,1666667;732,6666667
59620;Saint-Remy-Chaussée;201;230,25;260,25;290,25;310,25;460,5;529,575;575,625;644,7
59330;Saint-Remy-du-Nord;215;245,4166667;275,4166667;305,4166667;325,4166667;490,8333333;564,4583333;613,5416667;687,1666667
59880;Saint-Saulve;251;284,4166667;314,4166667;344,4166667;364,4166667;568,8333333;654,1583333;711,0416667;796,3666667
59360;Saint-Souplet;190;218,3333333;248,3333333;278,3333333;298,3333333;436,6666667;502,1666667;545,8333333;611,3333333
59114;Saint-Sylvestre-Cappel;314;352,6666667;382,6666667;412,6666667;432,6666667;705,3333333;811,1333333;881,6666667;987,4666667
59188;Saint-Vaast-en-Cambrésis;225;256,25;286,25;316,25;336,25;512,5;589,375;640,625;717,5
59570;Saint-Waast;265;299,5833333;329,5833333;359,5833333;379,5833333;599,1666667;689,0416667;748,9583333;838,8333333
59218;Salesches;207;236,75;266,75;296,75;316,75;473,5;544,525;591,875;662,9
59496;Salomé;269;303,9166667;333,9166667;363,9166667;383,9166667;607,8333333;699,0083333;759,7916667;850,9666667
59310;Saméon;260;294,1666667;324,1666667;354,1666667;374,1666667;588,3333333;676,5833333;735,4166667;823,6666667
59268;Sancourt;217;247,5833333;277,5833333;307,5833333;327,5833333;495,1666667;569,4416667;618,9583333;693,2333333
59211;Santes;271;306,0833333;336,0833333;366,0833333;386,0833333;612,1666667;703,9916667;765,2083333;857,0333333
59230;Sars-et-Rosières;258;292;322;352;372;584;671,6;730;817,6
59216;Sars-Poteries;203;232,4166667;262,4166667;292,4166667;312,4166667;464,8333333;534,5583333;581,0416667;650,7666667
59145;Sassegnies;206;235,6666667;265,6666667;295,6666667;315,6666667;471,3333333;542,0333333;589,1666667;659,8666667
59990;Saultain;246;279;309;339;359;558;641,7;697,5;781,2
59227;Saulzoir;237;269,25;299,25;329,25;349,25;538,5;619,275;673,125;753,9
59990;Sebourg;254;287,6666667;317,6666667;347,6666667;367,6666667;575,3333333;661,6333333;719,1666667;805,4666667
59113;Seclin;262;296,3333333;326,3333333;356,3333333;376,3333333;592,6666667;681,5666667;740,8333333;829,7333333
59440;Sémeries;195;223,75;253,75;283,75;303,75;447,5;514,625;559,375;626,5
59440;Semousies;199;228,0833333;258,0833333;288,0833333;308,0833333;456,1666667;524,5916667;570,2083333;638,6333333
59174;La Sentinelle;240;272,5;302,5;332,5;352,5;545;626,75;681,25;763
59269;Sepmeries;251;284,4166667;314,4166667;344,4166667;364,4166667;568,8333333;654,1583333;711,0416667;796,3666667
59320;Sequedin;282;318;348;378;398;636;731,4;795;890,4
59400;Séranvillers-Forenville;208;237,8333333;267,8333333;297,8333333;317,8333333;475,6666667;547,0166667;594,5833333;665,9333333
59173;Sercus;296;333,1666667;363,1666667;393,1666667;413,1666667;666,3333333;766,2833333;832,9166667;932,8666667
59450;Sin-le-Noble;234;266;296;326;346;532;611,8;665;744,8
59380;Socx;337;377,5833333;407,5833333;437,5833333;457,5833333;755,1666667;868,4416667;943,9583333;1057,233333
59730;Solesmes;203;232,4166667;262,4166667;292,4166667;312,4166667;464,8333333;534,5583333;581,0416667;650,7666667
59740;Solre-le-Château;199;228,0833333;258,0833333;288,0833333;308,0833333;456,1666667;524,5916667;570,2083333;638,6333333
59740;Solrinnes;209;238,9166667;268,9166667;298,9166667;318,9166667;477,8333333;549,5083333;597,2916667;668,9666667
59490;Somain;241;273,5833333;303,5833333;333,5833333;353,5833333;547,1666667;629,2416667;683,9583333;766,0333333
59213;Sommaing;243;275,75;305,75;335,75;355,75;551,5;634,225;689,375;772,1
59380;Spycker;339;379,75;409,75;439,75;459,75;759,5;873,425;949,375;1063,3
59190;Staple;301;338,5833333;368,5833333;398,5833333;418,5833333;677,1666667;778,7416667;846,4583333;948,0333333
59189;Steenbecque;293;329,9166667;359,9166667;389,9166667;409,9166667;659,8333333;758,8083333;824,7916667;923,7666667
59380;Steene;340;380,8333333;410,8333333;440,8333333;460,8333333;761,6666667;875,9166667;952,0833333;1066,333333
59114;Steenvoorde;316;354,8333333;384,8333333;414,8333333;434,8333333;709,6666667;816,1166667;887,0833333;993,5333333
59181;Steenwerck;297;334,25;364,25;394,25;414,25;668,5;768,775;835,625;935,9
59270;Strazeele;309;347,25;377,25;407,25;427,25;694,5;798,675;868,125;972,3
59550;Taisnières-en-Thiérache;205;234,5833333;264,5833333;294,5833333;314,5833333;469,1666667;539,5416667;586,4583333;656,8333333
59570;Taisnières-sur-Hon;268;302,8333333;332,8333333;362,8333333;382,8333333;605,6666667;696,5166667;757,0833333;847,9333333
59175;Templemars;265;299,5833333;329,5833333;359,5833333;379,5833333;599,1666667;689,0416667;748,9583333;838,8333333
59242;Templeuve;272;307,1666667;337,1666667;367,1666667;387,1666667;614,3333333;706,4833333;767,9166667;860,0666667
59114;Terdeghem;319;358,0833333;388,0833333;418,0833333;438,0833333;716,1666667;823,5916667;895,2083333;1002,633333
59229;Téteghem;344;385,1666667;415,1666667;445,1666667;465,1666667;770,3333333;885,8833333;962,9166667;1078,466667
59224;Thiant;236;268,1666667;298,1666667;328,1666667;348,1666667;536,3333333;616,7833333;670,4166667;750,8666667
59189;Thiennes;290;326,6666667;356,6666667;386,6666667;406,6666667;653,3333333;751,3333333;816,6666667;914,6666667
59163;Thivencelle;262;296,3333333;326,3333333;356,3333333;376,3333333;592,6666667;681,5666667;740,8333333;829,7333333
59239;Thumeries;260;294,1666667;324,1666667;354,1666667;374,1666667;588,3333333;676,5833333;735,4166667;823,6666667
59141;Thun-l'Évêque;221;251,9166667;281,9166667;311,9166667;331,9166667;503,8333333;579,4083333;629,7916667;705,3666667
59158;Thun-Saint-Amand;258;292;322;352;372;584;671,6;730;817,6
59141;Thun-Saint-Martin;227;258,4166667;288,4166667;318,4166667;338,4166667;516,8333333;594,3583333;646,0416667;723,5666667
59554;Tilloy-lez-Cambrai;215;245,4166667;275,4166667;305,4166667;325,4166667;490,8333333;564,4583333;613,5416667;687,1666667
59870;Tilloy-lez-Marchiennes;253;286,5833333;316,5833333;346,5833333;366,5833333;573,1666667;659,1416667;716,4583333;802,4333333
59390;Toufflers;284;320,1666667;350,1666667;380,1666667;400,1666667;640,3333333;736,3833333;800,4166667;896,4666667
59200;Tourcoing;285;321,25;351,25;381,25;401,25;642,5;738,875;803,125;899,5
59551;Tourmignies;267;301,75;331,75;361,75;381,75;603,5;694,025;754,375;844,9
59132;Trélon;184;211,8333333;241,8333333;271,8333333;291,8333333;423,6666667;487,2166667;529,5833333;593,1333333
59152;Tressin;276;311,5;341,5;371,5;391,5;623;716,45;778,75;872,2
59125;Trith-Saint-Léger;242;274,6666667;304,6666667;334,6666667;354,6666667;549,3333333;631,7333333;686,6666667;769,0666667
59980;Troisvilles;210;240;270;300;320;480;552;600;672
59229;Uxem;346;387,3333333;417,3333333;447,3333333;467,3333333;774,6666667;890,8666667;968,3333333;1084,533333
59300;Valenciennes;244;276,8333333;306,8333333;336,8333333;356,8333333;553,6666667;636,7166667;692,0833333;775,1333333
59218;Vendegies-au-Bois;204;233,5;263,5;293,5;313,5;467;537,05;583,75;653,8
59213;Vendegies-sur-Écaillon;243;275,75;305,75;335,75;355,75;551,5;634,225;689,375;772,1
59175;Vendeville;267;301,75;331,75;361,75;381,75;603,5;694,025;754,375;844,9
59227;Verchain-Maugré;241;273,5833333;303,5833333;333,5833333;353,5833333;547,1666667;629,2416667;683,9583333;766,0333333
59237;Verlinghem;290;326,6666667;356,6666667;386,6666667;406,6666667;653,3333333;751,3333333;816,6666667;914,6666667
59730;Vertain;250;283,3333333;313,3333333;343,3333333;363,3333333;566,6666667;651,6666667;708,3333333;793,3333333
59970;Vicq;256;289,8333333;319,8333333;349,8333333;369,8333333;579,6666667;666,6166667;724,5833333;811,5333333
59271;Viesly;202;231,3333333;261,3333333;291,3333333;311,3333333;462,6666667;532,0666667;578,3333333;647,7333333
59232;Vieux-Berquin;290;326,6666667;356,6666667;386,6666667;406,6666667;653,3333333;751,3333333;816,6666667;914,6666667
59690;Vieux-Condé;263;297,4166667;327,4166667;357,4166667;377,4166667;594,8333333;684,0583333;743,5416667;832,7666667
59138;Vieux-Mesnil;216;246,5;276,5;306,5;326,5;493;566,95;616,25;690,2
59600;Vieux-Reng;222;253;283;313;333;506;581,9;632,5;708,4
59650;Villeneuve-d'Ascq;274;309,3333333;339,3333333;369,3333333;389,3333333;618,6666667;711,4666667;773,3333333;866,1333333
59530;Villereau;257;290,9166667;320,9166667;350,9166667;370,9166667;581,8333333;669,1083333;727,2916667;814,5666667
59234;Villers-au-Tertre;229;260,5833333;290,5833333;320,5833333;340,5833333;521,1666667;599,3416667;651,4583333;729,6333333
59188;Villers-en-Cauchies;233;264,9166667;294,9166667;324,9166667;344,9166667;529,8333333;609,3083333;662,2916667;741,7666667
59297;Villers-Guislain;201;230,25;260,25;290,25;310,25;460,5;529,575;575,625;644,7
59142;Villers-Outréaux;210;240;270;300;320;480;552;600;672
59231;Villers-Plouich;200;229,1666667;259,1666667;289,1666667;309,1666667;458,3333333;527,0833333;572,9166667;641,6666667
59530;Villers-Pol;253;286,5833333;316,5833333;346,5833333;366,5833333;573,1666667;659,1416667;716,4583333;802,4333333
59600;Villers-Sire-Nicole;281;316,9166667;346,9166667;376,9166667;396,9166667;633,8333333;728,9083333;792,2916667;887,3666667
59470;Volckerinckhove;326;365,6666667;395,6666667;425,6666667;445,6666667;731,3333333;841,0333333;914,1666667;1023,866667
59870;Vred;248;281,1666667;311,1666667;341,1666667;361,1666667;562,3333333;646,6833333;702,9166667;787,2666667
59261;Wahagnies;258;292;322;352;372;584;671,6;730;817,6
59127;Walincourt-Selvigny;204;233,5;263,5;293,5;313,5;467;537,05;583,75;653,8
59135;Wallers;240;272,5;302,5;332,5;352,5;545;626,75;681,25;763
59132;Wallers-en-Fagne;188;216,1666667;246,1666667;276,1666667;296,1666667;432,3333333;497,1833333;540,4166667;605,2666667
59190;Wallon-Cappel;298;335,3333333;365,3333333;395,3333333;415,3333333;670,6666667;771,2666667;838,3333333;938,9333333
59400;Wambaix;210;240;270;300;320;480;552;600;672
59118;Wambrechies;286;322,3333333;352,3333333;382,3333333;402,3333333;644,6666667;741,3666667;805,8333333;902,5333333
59870;Wandignies-Hamage;244;276,8333333;306,8333333;336,8333333;356,8333333;553,6666667;636,7166667;692,0833333;775,1333333
59830;Wannehain;283;319,0833333;349,0833333;379,0833333;399,0833333;638,1666667;733,8916667;797,7083333;893,4333333
59144;Wargnies-le-Grand;254;287,6666667;317,6666667;347,6666667;367,6666667;575,3333333;661,6333333;719,1666667;805,4666667
59144;Wargnies-le-Petit;254;287,6666667;317,6666667;347,6666667;367,6666667;575,3333333;661,6333333;719,1666667;805,4666667
59380;Warhem;340;380,8333333;410,8333333;440,8333333;460,8333333;761,6666667;875,9166667;952,0833333;1066,333333
59870;Warlaing;252;285,5;315,5;345,5;365,5;571;656,65;713,75;799,4
59560;Warneton;298;335,3333333;365,3333333;395,3333333;415,3333333;670,6666667;771,2666667;838,3333333;938,9333333
59252;Wasnes-au-Bac;226;257,3333333;287,3333333;317,3333333;337,3333333;514,6666667;591,8666667;643,3333333;720,5333333
59290;Wasquehal;280;315,8333333;345,8333333;375,8333333;395,8333333;631,6666667;726,4166667;789,5833333;884,3333333
59143;Watten;321;360,25;390,25;420,25;440,25;720,5;828,575;900,625;1008,7
59139;Wattignies;267;301,75;331,75;361,75;381,75;603,5;694,025;754,375;844,9
59680;Wattignies-la-Victoire;209;238,9166667;268,9166667;298,9166667;318,9166667;477,8333333;549,5083333;597,2916667;668,9666667
59150;Wattrelos;287;323,4166667;353,4166667;383,4166667;403,4166667;646,8333333;743,8583333;808,5416667;905,5666667
59220;Wavrechain-sous-Denain;235;267,0833333;297,0833333;327,0833333;347,0833333;534,1666667;614,2916667;667,7083333;747,8333333
59111;Wavrechain-sous-Faulx;230;261,6666667;291,6666667;321,6666667;341,6666667;523,3333333;601,8333333;654,1666667;732,6666667
59136;Wavrin;266;300,6666667;330,6666667;360,6666667;380,6666667;601,3333333;691,5333333;751,6666667;841,8666667
59119;Waziers;257;290,9166667;320,9166667;350,9166667;370,9166667;581,8333333;669,1083333;727,2916667;814,5666667
59670;Wemaers-Cappel;308;346,1666667;376,1666667;406,1666667;426,1666667;692,3333333;796,1833333;865,4166667;969,2666667
59117;Wervicq-Sud;296;333,1666667;363,1666667;393,1666667;413,1666667;666,3333333;766,2833333;832,9166667;932,8666667
59380;West-Cappel;331;371,0833333;401,0833333;431,0833333;451,0833333;742,1666667;853,4916667;927,7083333;1039,033333
59134;Wicres;274;309,3333333;339,3333333;369,3333333;389,3333333;618,6666667;711,4666667;773,3333333;866,1333333
59212;Wignehies;186;214;244;274;294;428;492,2;535;599,2
59780;Willems;284;320,1666667;350,1666667;380,1666667;400,1666667;640,3333333;736,3833333;800,4166667;896,4666667
59740;Willies;194;222,6666667;252,6666667;282,6666667;302,6666667;445,3333333;512,1333333;556,6666667;623,4666667
59670;Winnezeele;320;359,1666667;389,1666667;419,1666667;439,1666667;718,3333333;826,0833333;897,9166667;1005,666667
59470;Wormhout;328;367,8333333;397,8333333;427,8333333;447,8333333;735,6666667;846,0166667;919,5833333;1029,933333
59143;Wulverdinghe;324;363,5;393,5;423,5;443,5;727;836,05;908,75;1017,8
59380;Wylder;329;368,9166667;398,9166667;428,9166667;448,9166667;737,8333333;848,5083333;922,2916667;1032,966667
59470;Zegerscappel;334;374,3333333;404,3333333;434,3333333;454,3333333;748,6666667;860,9666667;935,8333333;1048,133333
59670;Zermezeele;310;348,3333333;378,3333333;408,3333333;428,3333333;696,6666667;801,1666667;870,8333333;975,3333333
59123;Zuydcoote;351;392,75;422,75;452,75;472,75;785,5;903,325;981,875;1099,7
59670;Zuytpeene;307;345,0833333;375,0833333;405,0833333;425,0833333;690,1666667;793,6916667;862,7083333;966,2333333
;;;;;;;;;;
