cp;nom;distance;01-févr;03-avr;05-juin;07-août;09-déc;13-16;17-31;32-54
59268;Abancourt;220;441;456;466;481;883;1 015;1 139;1 267
59215;Abscon;239;480;495;505;520;961;1 105;1 233;1 369
59149;Aibes;217;435;450;460;475;870;1 001;1 124;1 251
59310;Aix;270;544;559;569;584;1 089;1 252;1 387;1 535
59251;Allennes-les-Marais;262;528;543;553;568;1 056;1 214;1 347;1 492
59144;Amfroipret;256;516;531;541;556;1 031;1 186;1 317;1 460
59194;Anhiers;258;520;535;545;560;1 039;1 195;1 327;1 471
59580;Aniche;230;462;477;487;502;924;1 062;1 189;1 321
59400;Anneux;215;431;446;456;471;862;991;1 114;1 240
59112;Annœullin;260;524;539;549;564;1 048;1 205;1 337;1 482
59186;Anor;178;355;370;380;395;709;816;931;1 042
59152;Anstaing;276;557;572;582;597;1 114;1 281;1 416;1 568
59410;Anzin;243;489;504;514;529;977;1 124;1 253;1 391
59151;Arleux;224;450;465;475;490;899;1 034;1 159;1 289
59380;Armbouts-Cappel;335;678;693;703;718;1 357;1 560;1 708;1 884
59280;Armentières;288;582;597;607;622;1 163;1 337;1 476;1 632
59285;Arnèke;326;660;675;685;700;1 320;1 518;1 664;1 836
59269;Artres;248;499;514;524;539;998;1 148;1 278;1 417
59600;Assevent;279;563;578;588;603;1 126;1 295;1 431;1 584
59551;Attiches;267;538;553;563;578;1 076;1 238;1 372;1 519
59265;Aubencheul-au-Bac;222;445;460;470;485;891;1 024;1 149;1 278
59165;Auberchicourt;232;466;481;491;506;932;1 072;1 198;1 332
59249;Aubers;277;559;574;584;599;1 118;1 285;1 421;1 573
59265;Aubigny-au-Bac;222;445;460;470;485;891;1 024;1 149;1 278
59494;Aubry-du-Hainaut;245;493;508;518;533;986;1 133;1 263;1 401
59950;Auby;256;516;531;541;556;1 031;1 186;1 317;1 460
59310;Auchy-lez-Orchies;270;544;559;569;584;1 089;1 252;1 387;1 535
59570;Audignies;266;536;551;561;576;1 072;1 233;1 367;1 514
59620;Aulnoye-Aymeries;210;421;436;446;461;841;967;1 090;1 214
59300;Aulnoy-lez-Valenciennes;244;491;506;516;531;982;1 129;1 258;1 396
59710;Avelin;266;536;551;561;576;1 072;1 233;1 367;1 514
59440;Avesnelles;195;390;405;415;430;779;896;1 015;1 133
59129;Avesnes-les-Aubert;222;445;460;470;485;891;1 024;1 149;1 278
59296;Avesnes-le-Sec;231;464;479;489;504;928;1 067;1 193;1 326
59440;Avesnes-sur-Helpe;195;390;405;415;430;779;896;1 015;1 133
59400;Awoingt;215;431;446;456;471;862;991;1 114;1 240
59138;Bachant;213;427;442;452;467;854;982;1 104;1 230
59830;Bachy;280;565;580;590;605;1 130;1 300;1 436;1 589
59270;Bailleul;305;617;632;642;657;1 233;1 418;1 560;1 723
59780;Baisieux;279;563;578;588;603;1 126;1 295;1 431;1 584
59132;Baives;191;381;396;406;421;763;877;995;1 112
59470;Bambecque;331;670;685;695;710;1 340;1 541;1 688;1 862
59266;Banteux;204;408;423;433;448;817;939;1 060;1 181
59554;Bantigny;216;433;448;458;473;866;996;1 119;1 246
59266;Bantouzelle;204;408;423;433;448;817;939;1 060;1 181
59440;Bas-Lieu;195;390;405;415;430;779;896;1 015;1 133
59480;La Bassée;271;546;561;571;586;1 093;1 257;1 391;1 541
59221;Bauvin;263;530;545;555;570;1 060;1 219;1 352;1 498
59570;Bavay;265;534;549;559;574;1 068;1 228;1 362;1 509
59670;Bavinchove;307;621;636;646;661;1 241;1 428;1 570;1 734
59360;Bazuel;195;390;405;415;430;779;896;1 015;1 133
59134;Beaucamps-Ligny;276;557;572;582;597;1 114;1 281;1 416;1 568
59530;Beaudignies;210;421;436;446;461;841;967;1 090;1 214
59330;Beaufort;209;419;434;444;459;837;963;1 085;1 208
59540;Beaumont-en-Cambrésis;212;425;440;450;465;850;977;1 099;1 224
59730;Beaurain;207;414;429;439;454;829;953;1 075;1 198
59550;Beaurepaire-sur-Sambre;194;388;403;413;428;775;892;1 010;1 128
59740;Beaurieux;199;398;413;423;438;796;915;1 035;1 155
59157;Beauvois-en-Cambrésis;221;443;458;468;483;887;1 020;1 144;1 273
59135;Bellaing;241;485;500;510;525;969;1 114;1 243;1 380
59570;Bellignies;265;534;549;559;574;1 068;1 228;1 362;1 509
59740;Bérelles;199;398;413;423;438;796;915;1 035;1 155
59380;Bergues;335;678;693;703;718;1 357;1 560;1 708;1 884
59145;Berlaimont;213;427;442;452;467;854;982;1 104;1 230
59213;Bermerain;246;495;510;520;535;990;1 138;1 268;1 407
59570;Bermeries;265;534;549;559;574;1 068;1 228;1 362;1 509
59235;Bersée;262;528;543;553;568;1 056;1 214;1 347;1 492
59600;Bersillies;279;563;578;588;603;1 126;1 295;1 431;1 584
59270;Berthen;305;617;632;642;657;1 233;1 418;1 560;1 723
59980;Bertry;207;414;429;439;454;829;953;1 075;1 198
59540;Béthencourt;212;425;440;450;465;850;977;1 099;1 224
59600;Bettignies;279;563;578;588;603;1 126;1 295;1 431;1 584
59570;Bettrechies;265;534;549;559;574;1 068;1 228;1 362;1 509
59216;Beugnies;203;406;421;431;446;812;934;1 055;1 176
59192;Beuvrages;248;499;514;524;539;998;1 148;1 278;1 417
59310;Beuvry-la-Forêt;270;544;559;569;584;1 089;1 252;1 387;1 535
59217;Bévillers;212;425;440;450;465;850;977;1 099;1 224
59380;Bierne;335;678;693;703;718;1 357;1 560;1 708;1 884
59380;Bissezeele;335;678;693;703;718;1 357;1 560;1 708;1 884
59173;Blaringhem;298;602;617;627;642;1 204;1 385;1 525;1 686
59268;Blécourt;218;437;452;462;477;874;1 005;1 129;1 257
59299;Boeschepe;312;631;646;656;671;1 262;1 451;1 594;1 761
59189;Boëseghem;291;588;603;613;628;1 175;1 352;1 490;1 648
59280;Bois-Grenier;288;582;597;607;622;1 163;1 337;1 476;1 632
59470;Bollezeele;331;670;685;695;710;1 340;1 541;1 688;1 862
59910;Bondues;285;575;590;600;615;1 151;1 323;1 461;1 616
59190;Borre;311;629;644;654;669;1 258;1 447;1 589;1 755
59111;Bouchain;226;454;469;479;494;907;1 043;1 169;1 299
59440;Boulogne-sur-Helpe;195;390;405;415;430;779;896;1 015;1 133
59630;Bourbourg;333;674;689;699;714;1 349;1 551;1 698;1 873
59830;Bourghelles;280;565;580;590;605;1 130;1 300;1 436;1 589
59166;Bousbecque;292;590;605;615;630;1 180;1 356;1 495;1 653
59222;Bousies;200;400;415;425;440;800;920;1 040;1 160
59178;Bousignies;245;493;508;518;533;986;1 133;1 263;1 401
59149;Bousignies-sur-Roc;217;435;450;460;475;870;1 001;1 124;1 251
59217;Boussières-en-Cambrésis;220;441;456;466;481;883;1 015;1 139;1 267
59330;Boussières-sur-Sambre;209;419;434;444;459;837;963;1 085;1 208
59168;Boussois;222;445;460;470;485;891;1 024;1 149;1 278
59870;Bouvignies;250;503;518;528;543;1 006;1 157;1 288;1 428
59830;Bouvines;280;565;580;590;605;1 130;1 300;1 436;1 589
59123;Bray-Dunes;346;701;716;726;741;1 402;1 613;1 763;1 943
59730;Briastre;207;414;429;439;454;829;953;1 075;1 198
59178;Brillon;245;493;508;518;533;986;1 133;1 263;1 401
59630;Brouckerque;338;685;700;710;725;1 369;1 575;1 723;1 900
59470;Broxeele;331;670;685;695;710;1 340;1 541;1 688;1 862
59860;Bruay-sur-l'Escaut;254;511;526;536;551;1 023;1 176;1 307;1 450
59490;Bruille-lez-Marchiennes;245;493;508;518;533;986;1 133;1 263;1 401
59199;Bruille-Saint-Amand;267;538;553;563;578;1 076;1 238;1 372;1 519
59151;Brunémont;224;450;465;475;490;899;1 034;1 159;1 289
59144;Bry;256;516;531;541;556;1 031;1 186;1 317;1 460
59151;Bugnicourt;224;450;465;475;490;899;1 034;1 159;1 289
59137;Busigny;189;377;392;402;417;755;868;986;1 101
59285;Buysscheure;326;660;675;685;700;1 320;1 518;1 664;1 836
59190;Caëstre;300;606;621;631;646;1 213;1 394;1 535;1 696
59161;Cagnoncles;219;439;454;464;479;878;1 010;1 134;1 262
59400;Cambrai;215;431;446;456;471;862;991;1 114;1 240
59133;Camphin-en-Carembault;259;522;537;547;562;1 043;1 200;1 332;1 476
59780;Camphin-en-Pévèle;279;563;578;588;603;1 126;1 295;1 431;1 584
59267;Cantaing-sur-Escaut;210;421;436;446;461;841;967;1 090;1 214
59169;Cantin;228;458;473;483;498;916;1 053;1 179;1 310
59213;Capelle;249;501;516;526;541;1 002;1 152;1 283;1 423
59160;Capinghem;284;573;588;598;613;1 147;1 318;1 456;1 610
59630;Cappelle-Brouck;333;674;689;699;714;1 349;1 551;1 698;1 873
59242;Cappelle-en-Pévèle;272;549;564;574;589;1 097;1 262;1 396;1 546
59180;Cappelle-la-Grande;342;693;708;718;733;1 386;1 594;1 743;1 921
59217;Carnières;220;441;456;466;481;883;1 015;1 139;1 267
59112;Carnin;260;524;539;549;564;1 048;1 205;1 337;1 482
59244;Cartignies;199;398;413;423;438;796;915;1 035;1 155
59670;Cassel;307;621;636;646;661;1 241;1 428;1 570;1 734
59360;Le Cateau-Cambrésis;195;390;405;415;430;779;896;1 015;1 133
59360;Catillon-sur-Sambre;195;390;405;415;430;779;896;1 015;1 133
59217;Cattenières;220;441;456;466;481;883;1 015;1 139;1 267
59540;Caudry;212;425;440;450;465;850;977;1 099;1 224
59191;Caullery;209;419;434;444;459;837;963;1 085;1 208
59400;Cauroir;215;431;446;456;471;862;991;1 114;1 240
59680;Cerfontaine;212;425;440;450;465;850;977;1 099;1 224
59930;La Chapelle-d'Armentières;287;579;594;604;619;1 159;1 333;1 471;1 627
59230;Château-l'Abbaye;253;509;524;534;549;1 019;1 171;1 302;1 444
59147;Chemy;262;528;543;553;568;1 056;1 214;1 347;1 492
59152;Chéreng;276;557;572;582;597;1 114;1 281;1 416;1 568
59740;Choisies;199;398;413;423;438;796;915;1 035;1 155
59740;Clairfayts;199;398;413;423;438;796;915;1 035;1 155
59225;Clary;207;414;429;439;454;829;953;1 075;1 198
59830;Cobrieux;280;565;580;590;605;1 130;1 300;1 436;1 589
59680;Colleret;212;425;440;450;465;850;977;1 099;1 224
59560;Comines;295;596;611;621;636;1 192;1 371;1 510;1 669
59163;Condé-sur-l'Escaut;264;532;547;557;572;1 064;1 224;1 357;1 503
59210;Coudekerque-Branche;343;695;710;720;735;1 390;1 598;1 748;1 927
59380;Coudekerque-Village;335;678;693;703;718;1 357;1 560;1 708;1 884
59552;Courchelettes;244;491;506;516;531;982;1 129;1 258;1 396
59149;Cousolre;219;439;454;464;479;878;1 010;1 134;1 262
59310;Coutiches;270;544;559;569;584;1 089;1 252;1 387;1 535
59279;Craywick;342;693;708;718;733;1 386;1 594;1 743;1 921
59154;Crespin;260;524;539;549;564;1 048;1 205;1 337;1 482
59258;Crèvecœur-sur-l'Escaut;206;412;427;437;452;825;948;1 070;1 192
59380;Crochte;335;678;693;703;718;1 357;1 560;1 708;1 884
59170;Croix;281;567;582;592;607;1 134;1 304;1 441;1 594
59222;Croix-Caluyau;201;402;417;427;442;804;925;1 045;1 165
59500;Cuincy;237;476;491;501;516;953;1 096;1 223;1 358
59990;Curgies;250;503;518;528;543;1 006;1 157;1 288;1 428
59268;Cuvillers;218;437;452;462;477;874;1 005;1 129;1 257
59830;Cysoing;280;565;580;590;605;1 130;1 300;1 436;1 589
59680;Damousies;212;425;440;450;465;850;977;1 099;1 224
59187;Dechy;232;466;481;491;506;932;1 072;1 198;1 332
59127;Dehéries;215;431;446;456;471;862;991;1 114;1 240
59220;Denain;235;472;487;497;512;944;1 086;1 213;1 348
59890;Deûlémont;291;588;603;613;628;1 175;1 352;1 490;1 648
59740;Dimechaux;199;398;413;423;438;796;915;1 035;1 155
59216;Dimont;203;406;421;431;446;812;934;1 055;1 176
62147;Doignies;214;429;444;454;469;858;986;1 109;1 235
59440;Dompierre-sur-Helpe;195;390;405;415;430;779;896;1 015;1 133
59272;Don;263;530;545;555;570;1 060;1 219;1 352;1 498
59500;Douai;233;468;483;493;508;936;1 077;1 203;1 337
59282;Douchy-les-Mines;232;466;481;491;506;932;1 072;1 198;1 332
59940;Le Doulieu;287;579;594;604;619;1 159;1 333;1 471;1 627
59440;Dourlers;195;390;405;415;430;779;896;1 015;1 133
59630;Drincham;333;674;689;699;714;1 349;1 551;1 698;1 873
59140;Dunkerque;350;709;724;734;749;1 419;1 632;1 783;1 964
59173;Ebblinghem;303;612;627;637;652;1 225;1 409;1 550;1 712
59176;Écaillon;234;470;485;495;510;940;1 081;1 208;1 342
59740;Eccles;203;406;421;431;446;812;934;1 055;1 176
59330;Éclaibes;205;410;425;435;450;821;944;1 065;1 187
59620;Écuélin;202;404;419;429;444;808;929;1 050;1 171
59114;Eecke;313;633;648;658;673;1 266;1 456;1 599;1 766
59600;Élesmes;218;437;452;462;477;874;1 005;1 129;1 257
59127;Élincourt;201;402;417;427;442;804;925;1 045;1 165
59580;Émerchicourt;229;460;475;485;500;920;1 058;1 184;1 316
59320;Emmerin;269;542;557;567;582;1 085;1 247;1 382;1 530
59530;Englefontaine;202;404;419;429;444;808;929;1 050;1 171
59320;Englos;293;592;607;617;632;1 184;1 361;1 500;1 659
59320;Ennetières-en-Weppes;282;569;584;594;609;1 138;1 309;1 446;1 600
59710;Ennevelin;267;538;553;563;578;1 076;1 238;1 372;1 519
59132;Eppe-Sauvage;204;408;423;433;448;817;939;1 060;1 181
59169;Erchin;231;464;479;489;504;928;1 067;1 193;1 326
59470;Eringhem;338;685;700;710;725;1 369;1 575;1 723;1 900
59320;Erquinghem-le-Sec;283;571;586;596;611;1 142;1 314;1 451;1 605
59193;Erquinghem-Lys;294;594;609;619;634;1 188;1 366;1 505;1 664
59171;Erre;239;480;495;505;520;961;1 105;1 233;1 369
59213;Escarmain;249;501;516;526;541;1 002;1 152;1 283;1 423
59124;Escaudain;235;472;487;497;512;944;1 086;1 213;1 348
59161;Escaudœuvres;218;437;452;462;477;874;1 005;1 129;1 257
59278;Escautpont;259;522;537;547;562;1 043;1 200;1 332;1 476
59320;Escobecques;283;571;586;596;611;1 142;1 314;1 451;1 605
59127;Esnes;210;421;436;446;461;841;967;1 090;1 214
59470;Esquelbecq;331;670;685;695;710;1 340;1 541;1 688;1 862
59553;Esquerchin;248;499;514;524;539;998;1 148;1 278;1 417
59940;Estaires;285;575;590;600;615;1 151;1 323;1 461;1 616
59400;Estourmel;215;431;446;456;471;862;991;1 114;1 240
59151;Estrées;227;456;471;481;496;911;1 048;1 174;1 305
59990;Estreux;249;501;516;526;541;1 002;1 152;1 283;1 423
59295;Estrun;227;456;471;481;496;911;1 048;1 174;1 305
59161;Eswars;219;439;454;464;479;878;1 010;1 134;1 262
59144;Eth;256;516;531;541;556;1 031;1 186;1 317;1 460
59219;Étrœungt;186;371;386;396;411;742;854;971;1 085
59155;Faches-Thumesnil;269;542;557;567;582;1 085;1 247;1 382;1 530
59300;Famars;245;493;508;518;533;986;1 133;1 263;1 401
59310;Faumont;262;528;543;553;568;1 056;1 214;1 347;1 492
59550;Le Favril;193;386;401;411;426;771;887;1 005;1 122
59247;Féchain;227;456;471;481;496;911;1 048;1 174;1 305
59750;Feignies;273;551;566;576;591;1 101;1 266;1 401;1 551
59740;Felleries;200;400;415;425;440;800;920;1 040;1 160
59179;Fenain;240;483;498;508;523;965;1 110;1 238;1 375
59169;Férin;231;464;479;489;504;928;1 067;1 193;1 326
59610;Féron;189;377;392;402;417;755;868;986;1 101
59680;Ferrière-la-Grande;212;425;440;450;465;850;977;1 099;1 224
59680;Ferrière-la-Petite;211;423;438;448;463;845;972;1 094;1 219
59570;La Flamengrie;179;357;372;382;397;713;820;936;1 047
59440;Flaumont-Waudrechies;195;390;405;415;430;779;896;1 015;1 133
59128;Flers-en-Escrebieux;253;509;524;534;549;1 019;1 171;1 302;1 444
59267;Flesquières;206;412;427;437;452;825;948;1 070;1 192
59270;Flêtre;307;621;636;646;661;1 241;1 428;1 570;1 734
59158;Flines-lès-Mortagne;262;528;543;553;568;1 056;1 214;1 347;1 492
59148;Flines-lez-Raches;255;513;528;538;553;1 027;1 181;1 312;1 455
59440;Floursies;201;402;417;427;442;804;925;1 045;1 165
59219;Floyon;187;373;388;398;413;746;858;976;1 090
59550;Fontaine-au-Bois;198;396;411;421;436;792;911;1 030;1 149
59157;Fontaine-au-Pire;220;441;456;466;481;883;1 015;1 139;1 267
59400;Fontaine-Notre-Dame;214;429;444;454;469;858;986;1 109;1 235
59222;Forest-en-Cambrésis;199;398;413;423;438;796;915;1 035;1 155
59510;Forest-sur-Marque;277;559;574;584;599;1 118;1 285;1 421;1 573
59610;Fourmies;187;373;388;398;413;746;858;976;1 090
59134;Fournes-en-Weppes;276;557;572;582;597;1 114;1 281;1 416;1 568
59530;Frasnoy;260;524;539;549;564;1 048;1 205;1 337;1 482
59236;Frelinghien;293;592;607;617;632;1 184;1 361;1 500;1 659
59970;Fresnes-sur-Escaut;258;520;535;545;560;1 039;1 195;1 327;1 471
59234;Fressain;227;456;471;481;496;911;1 048;1 174;1 305
59268;Fressies;224;450;465;475;490;899;1 034;1 159;1 289
59273;Fretin;268;540;555;565;580;1 081;1 243;1 377;1 525
59249;Fromelles;278;561;576;586;601;1 122;1 290;1 426;1 578
59242;Genech;276;557;572;582;597;1 114;1 281;1 416;1 568
59530;Ghissignies;208;417;432;442;457;833;958;1 080;1 203
59254;Ghyvelde;343;695;710;720;735;1 390;1 598;1 748;1 927
59132;Glageon;193;386;401;411;426;771;887;1 005;1 122
59270;Godewaersvelde;311;629;644;654;669;1 258;1 447;1 589;1 755
59169;Gœulzin;227;456;471;481;496;911;1 048;1 174;1 305
59600;Gognies-Chaussée;275;555;570;580;595;1 109;1 276;1 411;1 562
59144;Gommegnies;214;429;444;454;469;858;986;1 109;1 235
59147;Gondecourt;262;528;543;553;568;1 056;1 214;1 347;1 492
59231;Gonnelieu;199;398;413;423;438;796;915;1 035;1 155
59253;La Gorgue;284;573;588;598;613;1 147;1 318;1 456;1 610
59231;Gouzeaucourt;200;400;415;425;440;800;920;1 040;1 160
59760;Grande-Synthe;348;705;720;730;745;1 411;1 622;1 773;1 954
59244;Grand-Fayt;200;400;415;425;440;800;920;1 040;1 160
59153;Grand-Fort-Philippe;343;695;710;720;735;1 390;1 598;1 748;1 927
59820;Gravelines;341;691;706;716;731;1 382;1 589;1 738;1 916
59360;La Groise;188;375;390;400;415;751;863;981;1 096
59152;Gruson;278;561;576;586;601;1 122;1 290;1 426;1 578
59287;Guesnain;234;470;485;495;510;940;1 081;1 208;1 342
59570;Gussignies;266;536;551;561;576;1 072;1 233;1 367;1 514
59320;Hallennes-lez-Haubourdin;283;571;586;596;611;1 142;1 314;1 451;1 605
59250;Halluin;292;590;605;615;630;1 180;1 356;1 495;1 653
59151;Hamel;226;454;469;479;494;907;1 043;1 169;1 299
59496;Hantay;271;546;561;571;586;1 093;1 257;1 391;1 541
59670;Hardifort;312;631;646;656;671;1 262;1 451;1 594;1 761
59138;Hargnies;185;369;384;394;409;738;849;966;1 080
59178;Hasnon;253;509;524;534;549;1 019;1 171;1 302;1 444
59198;Haspres;234;470;485;495;510;940;1 081;1 208;1 342
59320;Haubourdin;271;546;561;571;586;1 093;1 257;1 391;1 541
59191;Haucourt-en-Cambrésis;213;427;442;452;467;854;982;1 104;1 230
59121;Haulchin;235;472;487;497;512;944;1 086;1 213;1 348
59294;Haussy;240;483;498;508;523;965;1 110;1 238;1 375
59440;Haut-Lieu;192;384;399;409;424;767;882;1 000;1 117
59330;Hautmont;210;421;436;446;461;841;967;1 090;1 214
59255;Haveluy;238;478;493;503;518;957;1 100;1 228;1 364
59660;Haverskerque;284;573;588;598;613;1 147;1 318;1 456;1 610
59268;Haynecourt;217;435;450;460;475;870;1 001;1 124;1 251
59190;Hazebrouck;314;635;650;660;675;1 270;1 461;1 604;1 771
59530;Hecq;202;404;419;429;444;808;929;1 050;1 171
59171;Hélesmes;240;483;498;508;523;965;1 110;1 238;1 375
59510;Hem;280;565;580;590;605;1 130;1 300;1 436;1 589
59247;Hem-Lenglet;223;447;462;472;487;895;1 029;1 154;1 283
59199;Hergnies;266;536;551;561;576;1 072;1 233;1 367;1 514
59195;Hérin;241;485;500;510;525;969;1 114;1 243;1 380
59134;Herlies;274;553;568;578;593;1 105;1 271;1 406;1 557
59147;Herrin;263;530;545;555;570;1 060;1 219;1 352;1 498
59470;Herzeele;325;658;673;683;698;1 316;1 513;1 659;1 830
59740;Hestrud;204;408;423;433;448;817;939;1 060;1 181
59143;Holque;323;654;669;679;694;1 307;1 503;1 649;1 820
59190;Hondeghem;304;615;630;640;655;1 229;1 413;1 555;1 718
59122;Hondschoote;334;676;691;701;716;1 353;1 556;1 703;1 879
59570;Hon-Hergies;268;540;555;565;580;1 081;1 243;1 377;1 525
59980;Honnechy;192;384;399;409;424;767;882;1 000;1 117
59266;Honnecourt-sur-Escaut;205;410;425;435;450;821;944;1 065;1 187
59111;Hordain;225;452;467;477;492;903;1 039;1 164;1 294
59171;Hornaing;241;485;500;510;525;969;1 114;1 243;1 380
59570;Houdain-lez-Bavay;264;532;547;557;572;1 064;1 224;1 357;1 503
59263;Houplin-Ancoisne;267;538;553;563;578;1 076;1 238;1 372;1 519
59116;Houplines;291;588;603;613;628;1 175;1 352;1 490;1 648
59470;Houtkerque;323;654;669;679;694;1 307;1 503;1 649;1 820
59492;Hoymille;337;683;698;708;723;1 365;1 570;1 718;1 895
59480;Illies;272;549;564;574;589;1 097;1 262;1 396;1 546
59540;Inchy;199;398;413;423;438;796;915;1 035;1 155
59141;Iwuy;225;452;467;477;492;903;1 039;1 164;1 294
59144;Jenlain;252;507;522;532;547;1 015;1 167;1 297;1 439
59460;Jeumont;224;450;465;475;490;899;1 034;1 159;1 289
59530;Jolimetz;208;417;432;442;457;833;958;1 080;1 203
59122;Killem;334;676;691;701;716;1 353;1 556;1 703;1 879
59167;Lallaing;250;503;518;528;543;1 006;1 157;1 288;1 428
59130;Lambersart;279;563;578;588;603;1 126;1 295;1 431;1 584
59552;Lambres-lez-Douai;235;472;487;497;512;944;1 086;1 213;1 348
59310;Landas;261;526;541;551;566;1 052;1 209;1 342;1 487
59550;Landrecies;194;388;403;413;428;775;892;1 010;1 128
59390;Lannoy;284;573;588;598;613;1 147;1 318;1 456;1 610
59219;Larouillies;183;365;380;390;405;730;839;956;1 069
59553;Lauwin-Planque;254;511;526;536;551;1 023;1 176;1 307;1 450
59226;Lecelles;262;528;543;553;568;1 056;1 214;1 347;1 492
59259;Lécluse;224;450;465;475;490;899;1 034;1 159;1 289
59143;Lederzeele;324;656;671;681;696;1 312;1 508;1 654;1 825
59470;Ledringhem;314;635;650;660;675;1 270;1 461;1 604;1 771
59115;Leers;285;575;590;600;615;1 151;1 323;1 461;1 616
59495;Leffrinckoucke;357;724;739;749;764;1 448;1 665;1 817;2 002
59258;Lesdain;207;414;429;439;454;829;953;1 075;1 198
59810;Lesquin;268;540;555;565;580;1 081;1 243;1 377;1 525
59620;Leval;206;412;427;437;452;825;948;1 070;1 192
59287;Lewarde;233;468;483;493;508;936;1 077;1 203;1 337
59260;Lezennes;274;553;568;578;593;1 105;1 271;1 406;1 557
59740;Lez-Fontaine;206;412;427;437;452;825;948;1 070;1 192
59740;Liessies;192;384;399;409;424;767;882;1 000;1 117
59111;Lieu-Saint-Amand;228;458;473;483;498;916;1 053;1 179;1 310
59191;Ligny-en-Cambrésis;215;431;446;456;471;862;991;1 114;1 240
59000;Lille;274;544;559;569;584;1 089;1 252;1 387;1 535
59330;Limont-Fontaine;203;406;421;431;446;812;934;1 055;1 176
59126;Linselles;290;586;601;611;626;1 171;1 347;1 486;1 643
59530;Locquignol;207;414;429;439;454;829;953;1 075;1 198
59182;Loffre;234;470;485;495;510;940;1 081;1 208;1 342
59840;Lompret;288;582;597;607;622;1 163;1 337;1 476;1 632
59570;La Longueville;269;542;557;567;582;1 085;1 247;1 382;1 530
59630;Looberghe;332;672;687;697;712;1 345;1 546;1 693;1 868
59279;Loon-Plage;340;689;704;714;729;1 378;1 584;1 733;1 911
59120;Loos;276;557;572;582;597;1 114;1 281;1 416;1 568
59156;Lourches;233;468;483;493;508;936;1 077;1 203;1 337
59530;Louvignies-Quesnoy;206;412;427;437;452;825;948;1 070;1 192
59830;Louvil;276;557;572;582;597;1 114;1 281;1 416;1 568
59720;Louvroil;212;425;440;450;465;850;977;1 099;1 224
59173;Lynde;298;602;617;627;642;1 204;1 385;1 525;1 686
59390;Lys-lez-Lannoy;285;575;590;600;615;1 151;1 323;1 461;1 616
59110;La Madeleine;276;557;572;582;597;1 114;1 281;1 416;1 568
59233;Maing;240;483;498;508;523;965;1 110;1 238;1 375
59600;Mairieux;221;443;458;468;483;887;1 020;1 144;1 273
59134;Le Maisnil;280;565;580;590;605;1 130;1 300;1 436;1 589
59127;Malincourt;213;427;442;452;467;854;982;1 104;1 230
59440;Marbaix;205;410;425;435;450;821;944;1 065;1 187
59870;Marchiennes;249;501;516;526;541;1 002;1 152;1 283;1 423
59159;Marcoing;206;412;427;437;452;825;948;1 070;1 192
59700;Marcq-en-Barœul;278;561;576;586;601;1 122;1 290;1 426;1 578
59252;Marcq-en-Ostrevent;227;456;471;481;496;911;1 048;1 174;1 305
59990;Maresches;251;505;520;530;545;1 010;1 162;1 292;1 433
59238;Maretz;201;402;417;427;442;804;925;1 045;1 165
59770;Marly;245;493;508;518;533;986;1 133;1 263;1 401
59550;Maroilles;198;396;411;421;436;792;911;1 030;1 149
59164;Marpent;221;443;458;468;483;887;1 020;1 144;1 273
59252;Marquette-en-Ostrevant;228;458;473;483;498;916;1 053;1 179;1 310
59520;Marquette-lez-Lille;279;563;578;588;603;1 126;1 295;1 431;1 584
59274;Marquillies;271;546;561;571;586;1 093;1 257;1 391;1 541
59241;Masnières;203;406;421;431;446;812;934;1 055;1 176
59176;Masny;234;470;485;495;510;940;1 081;1 208;1 342
59172;Mastaing;231;464;479;489;504;928;1 067;1 193;1 326
59600;Maubeuge;215;421;436;446;461;841;967;1 090;1 214
59158;Maulde;261;526;541;551;566;1 052;1 209;1 342;1 487
59980;Maurois;206;412;427;437;452;825;948;1 070;1 192
59360;Mazinghien;188;375;390;400;415;751;863;981;1 096
59570;Mecquignies;219;439;454;464;479;878;1 010;1 134;1 262
59470;Merckeghem;329;666;681;691;706;1 332;1 532;1 679;1 852
59710;Mérignies;268;540;555;565;580;1 081;1 243;1 377;1 525
59270;Merris;309;625;640;650;665;1 250;1 437;1 580;1 745
59660;Merville;283;571;586;596;611;1 142;1 314;1 451;1 605
59270;Méteren;304;615;630;640;655;1 229;1 413;1 555;1 718
59143;Millam;325;658;673;683;698;1 316;1 513;1 659;1 830
59178;Millonfosse;254;511;526;536;551;1 023;1 176;1 307;1 450
59122;Les Moëres;338;685;700;710;725;1 369;1 575;1 723;1 900
62147;Mœuvres;220;441;456;466;481;883;1 015;1 139;1 267
59620;Monceau-Saint-Waast;202;404;419;429;444;808;929;1 050;1 171
59224;Monchaux-sur-Écaillon;238;478;493;503;518;957;1 100;1 228;1 364
59283;Moncheaux;256;516;531;541;556;1 031;1 186;1 317;1 460
59234;Monchecourt;229;460;475;485;500;920;1 058;1 184;1 316
59370;Mons-en-Barœul;275;555;570;580;595;1 109;1 276;1 411;1 562
59246;Mons-en-Pévèle;259;522;537;547;562;1 043;1 200;1 332;1 476
59360;Montay;195;390;405;415;430;779;896;1 015;1 133
59225;Montigny-en-Cambrésis;207;414;429;439;454;829;953;1 075;1 198
59182;Montigny-en-Ostrevent;251;505;520;530;545;1 010;1 162;1 292;1 433
59227;Montrécourt;238;478;493;503;518;957;1 100;1 228;1 364
59190;Morbecque;296;598;613;623;638;1 196;1 375;1 515;1 675
59158;Mortagne-du-Nord;261;526;541;551;566;1 052;1 209;1 342;1 487
59310;Mouchin;274;553;568;578;593;1 105;1 271;1 406;1 557
59132;Moustier-en-Fagne;191;381;396;406;421;763;877;995;1 112
59420;Mouvaux;286;577;592;602;617;1 155;1 328;1 466;1 621
59161;Naves;221;443;458;468;483;887;1 020;1 144;1 273
59940;Neuf-Berquin;287;579;594;604;619;1 159;1 333;1 471;1 627
59330;Neuf-Mesnil;213;427;442;452;467;854;982;1 104;1 230
59239;La Neuville;259;522;537;547;562;1 043;1 200;1 332;1 476
59218;Neuville-en-Avesnois;207;414;429;439;454;829;953;1 075;1 198
59960;Neuville-en-Ferrain;289;584;599;609;624;1 167;1 342;1 481;1 637
59554;Neuville-Saint-Rémy;217;435;450;460;475;870;1 001;1 124;1 251
59293;Neuville-sur-Escaut;230;462;477;487;502;924;1 062;1 189;1 321
59360;Neuvilly;198;396;411;421;436;792;911;1 030;1 149
59850;Nieppe;294;594;609;619;634;1 188;1 366;1 505;1 664
59400;Niergnies;212;425;440;450;465;850;977;1 099;1 224
59143;Nieurlet;321;650;665;675;690;1 299;1 494;1 639;1 809
59230;Nivelle;257;518;533;543;558;1 035;1 190;1 322;1 466
59310;Nomain;270;544;559;569;584;1 089;1 252;1 387;1 535
59670;Noordpeene;310;627;642;652;667;1 254;1 442;1 585;1 750
59139;Noyelles-lès-Seclin;266;536;551;561;576;1 072;1 233;1 367;1 514
59159;Noyelles-sur-Escaut;208;417;432;442;457;833;958;1 080;1 203
59550;Noyelles-sur-Sambre;203;406;421;431;446;812;934;1 055;1 176
59282;Noyelles-sur-Selle;231;464;479;489;504;928;1 067;1 193;1 326
59570;Obies;217;435;450;460;475;870;1 001;1 124;1 251
59680;Obrechies;211;423;438;448;463;845;972;1 094;1 219
59670;Ochtezeele;311;629;644;654;669;1 258;1 447;1 589;1 755
59970;Odomez;265;534;549;559;574;1 068;1 228;1 362;1 509
59132;Ohain;183;365;380;390;405;730;839;956;1 069
59195;Oisy;239;480;495;505;520;961;1 105;1 233;1 369
59264;Onnaing;252;507;522;532;547;1 015;1 167;1 297;1 439
59122;Oost-Cappel;329;666;681;691;706;1 332;1 532;1 679;1 852
59310;Orchies;267;538;553;563;578;1 076;1 238;1 372;1 519
59360;Ors;185;369;384;394;409;738;849;966;1 080
59530;Orsinval;254;511;526;536;551;1 023;1 176;1 307;1 450
59162;Ostricourt;253;509;524;534;549;1 019;1 171;1 302;1 444
59670;Oudezeele;325;658;673;683;698;1 316;1 513;1 659;1 830
59670;Oxelaëre;305;617;632;642;657;1 233;1 418;1 560;1 723
59295;Paillencourt;224;450;465;475;490;899;1 034;1 159;1 289
59146;Pecquencourt;247;497;512;522;537;994;1 143;1 273;1 412
59840;Pérenchies;285;575;590;600;615;1 151;1 323;1 461;1 616
59273;Péronne-en-Mélantois;271;546;561;571;586;1 093;1 257;1 391;1 541
59494;Petite-Forêt;242;487;502;512;527;973;1 119;1 248;1 385
59244;Petit-Fayt;200;400;415;425;440;800;920;1 040;1 160
59133;Phalempin;260;524;539;549;564;1 048;1 205;1 337;1 482
59284;Pitgam;345;699;714;724;739;1 398;1 608;1 758;1 938
59218;Poix-du-Nord;204;408;423;433;448;817;939;1 060;1 181
59360;Pommereuil;196;392;407;417;432;784;901;1 020;1 139
59710;Pont-à-Marcq;266;536;551;561;576;1 072;1 233;1 367;1 514
59138;Pont-sur-Sambre;212;425;440;450;465;850;977;1 099;1 224
59530;Potelle;211;423;438;448;463;845;972;1 094;1 219
59190;Pradelles;309;625;640;650;665;1 250;1 437;1 580;1 745
59840;Prémesques;285;575;590;600;615;1 151;1 323;1 461;1 616
59990;Préseau;248;499;514;524;539;998;1 148;1 278;1 417
59288;Preux-au-Bois;199;398;413;423;438;796;915;1 035;1 155
59144;Preux-au-Sart;257;518;533;543;558;1 035;1 190;1 322;1 466
59550;Prisches;194;388;403;413;428;775;892;1 010;1 128
59121;Prouvy;239;480;495;505;520;961;1 105;1 233;1 369
59267;Proville;217;435;450;460;475;870;1 001;1 124;1 251
59185;Provin;261;526;541;551;566;1 052;1 209;1 342;1 487
59380;Quaëdypre;332;672;687;697;712;1 345;1 546;1 693;1 868
59243;Quarouble;253;509;524;534;549;1 019;1 171;1 302;1 444
59269;Quérénaing;247;497;512;522;537;994;1 143;1 273;1 412
59530;Le Quesnoy;210;421;436;446;461;841;967;1 090;1 214
59890;Quesnoy-sur-Deûle;291;588;603;613;628;1 175;1 352;1 490;1 648
59680;Quiévelon;208;417;432;442;457;833;958;1 080;1 203
59920;Quiévrechain;258;520;535;545;560;1 039;1 195;1 327;1 471
59214;Quiévy;224;450;465;475;490;899;1 034;1 159;1 289
59194;Râches;257;518;533;543;558;1 035;1 190;1 322;1 466
59320;Radinghem-en-Weppes;285;575;590;600;615;1 151;1 323;1 461;1 616
59554;Raillencourt-Sainte-Olle;217;435;450;460;475;870;1 001;1 124;1 251
59283;Raimbeaucourt;257;518;533;543;558;1 035;1 190;1 322;1 466
59177;Rainsars;194;388;403;413;428;775;892;1 010;1 128
59590;Raismes;246;495;510;520;535;990;1 138;1 268;1 407
59161;Ramillies;217;435;450;460;475;870;1 001;1 124;1 251
59177;Ramousies;199;398;413;423;438;796;915;1 035;1 155
59530;Raucourt-au-Bois;205;410;425;435;450;821;944;1 065;1 187
59245;Recquignies;218;437;452;462;477;874;1 005;1 129;1 257
59360;Rejet-de-Beaulieu;185;369;384;394;409;738;849;966;1 080
59173;Renescure;312;631;646;656;671;1 262;1 451;1 594;1 761
59980;Reumont;207;414;429;439;454;829;953;1 075;1 198
59122;Rexpoëde;331;670;685;695;710;1 340;1 541;1 688;1 862
59159;Ribécourt-la-Tour;204;408;423;433;448;817;939;1 060;1 181
59870;Rieulay;244;491;506;516;531;982;1 129;1 258;1 396
59277;Rieux-en-Cambrésis;230;462;477;487;502;924;1 062;1 189;1 321
59550;Robersart;199;398;413;423;438;796;915;1 035;1 155
59172;Rœulx;232;466;481;491;506;932;1 072;1 198;1 332
59990;Rombies-et-Marchipont;253;509;524;534;549;1 019;1 171;1 302;1 444
59730;Romeries;207;414;429;439;454;829;953;1 075;1 198
59790;Ronchin;269;542;557;567;582;1 085;1 247;1 382;1 530
59223;Roncq;288;582;597;607;622;1 163;1 337;1 476;1 632
59286;Roost-Warendin;259;522;537;547;562;1 043;1 200;1 332;1 476
59230;Rosult;259;522;537;547;562;1 043;1 200;1 332;1 476
59100;Roubaix;284;573;588;598;613;1 147;1 318;1 456;1 610
59169;Roucourt;231;464;479;489;504;928;1 067;1 193;1 326
59131;Rousies;214;429;444;454;469;858;986;1 109;1 235
59220;Rouvignies;238;478;493;503;518;957;1 100;1 228;1 364
59285;Rubrouck;327;662;677;687;702;1 324;1 522;1 669;1 841
59258;Les Rues-des-Vignes;203;406;421;431;446;812;934;1 055;1 176
59530;Ruesnes;250;503;518;528;543;1 006;1 157;1 288;1 428
59226;Rumegies;264;532;547;557;572;1 064;1 224;1 357;1 503
59281;Rumilly-en-Cambrésis;205;410;425;435;450;821;944;1 065;1 187
59554;Sailly-lez-Cambrai;214;429;444;454;469;858;986;1 109;1 235
59390;Sailly-lez-Lannoy;282;569;584;594;609;1 138;1 309;1 446;1 600
59262;Sainghin-en-Mélantois;274;553;568;578;593;1 105;1 271;1 406;1 557
59184;Sainghin-en-Weppes;265;534;549;559;574;1 068;1 228;1 362;1 509
59177;Sains-du-Nord;193;386;401;411;426;771;887;1 005;1 122
59230;Saint-Amand-les-Eaux;253;509;524;534;549;1 019;1 171;1 302;1 444
59350;Saint-André-lez-Lille;278;561;576;586;601;1 122;1 290;1 426;1 578
59188;Saint-Aubert;236;474;489;499;514;949;1 091;1 218;1 353
59440;Saint-Aubin;188;375;390;400;415;751;863;981;1 096
59163;Saint-Aybert;260;524;539;549;564;1 048;1 205;1 337;1 482
59360;Saint-Benin;192;384;399;409;424;767;882;1 000;1 117
59820;Saint-Georges-sur-l'Aa;343;695;710;720;735;1 390;1 598;1 748;1 927
59292;Saint-Hilaire-lez-Cambrai;224;450;465;475;490;899;1 034;1 159;1 289
59440;Saint-Hilaire-sur-Helpe;196;392;407;417;432;784;901;1 020;1 139
59270;Saint-Jans-Cappel;308;623;638;648;663;1 246;1 432;1 575;1 739
59670;Sainte-Marie-Cappel;307;621;636;646;661;1 241;1 428;1 570;1 734
59213;Saint-Martin-sur-Écaillon;246;495;510;520;535;990;1 138;1 268;1 407
59143;Saint-Momelin;319;645;660;670;685;1 291;1 485;1 629;1 798
59630;Saint-Pierre-Brouck;328;664;679;689;704;1 328;1 527;1 674;1 846
59730;Saint-Python;230;462;477;487;502;924;1 062;1 189;1 321
59620;Saint-Remy-Chaussée;201;402;417;427;442;804;925;1 045;1 165
59330;Saint-Remy-du-Nord;215;431;446;456;471;862;991;1 114;1 240
59880;Saint-Saulve;251;505;520;530;545;1 010;1 162;1 292;1 433
59360;Saint-Souplet;190;379;394;404;419;759;873;991;1 106
59114;Saint-Sylvestre-Cappel;314;635;650;660;675;1 270;1 461;1 604;1 771
59188;Saint-Vaast-en-Cambrésis;225;452;467;477;492;903;1 039;1 164;1 294
59570;Saint-Waast;265;534;549;559;574;1 068;1 228;1 362;1 509
59218;Salesches;207;414;429;439;454;829;953;1 075;1 198
59496;Salomé;269;542;557;567;582;1 085;1 247;1 382;1 530
59310;Saméon;260;524;539;549;564;1 048;1 205;1 337;1 482
59268;Sancourt;217;435;450;460;475;870;1 001;1 124;1 251
59211;Santes;271;546;561;571;586;1 093;1 257;1 391;1 541
59230;Sars-et-Rosières;258;520;535;545;560;1 039;1 195;1 327;1 471
59216;Sars-Poteries;203;406;421;431;446;812;934;1 055;1 176
59145;Sassegnies;206;412;427;437;452;825;948;1 070;1 192
59990;Saultain;246;495;510;520;535;990;1 138;1 268;1 407
59227;Saulzoir;237;476;491;501;516;953;1 096;1 223;1 358
59990;Sebourg;254;511;526;536;551;1 023;1 176;1 307;1 450
59113;Seclin;262;528;543;553;568;1 056;1 214;1 347;1 492
59440;Sémeries;195;390;405;415;430;779;896;1 015;1 133
59440;Semousies;199;398;413;423;438;796;915;1 035;1 155
59174;La Sentinelle;240;483;498;508;523;965;1 110;1 238;1 375
59269;Sepmeries;251;505;520;530;545;1 010;1 162;1 292;1 433
59320;Sequedin;282;569;584;594;609;1 138;1 309;1 446;1 600
59400;Séranvillers-Forenville;208;417;432;442;457;833;958;1 080;1 203
59173;Sercus;296;598;613;623;638;1 196;1 375;1 515;1 675
59450;Sin-le-Noble;234;470;485;495;510;940;1 081;1 208;1 342
59380;Socx;337;683;698;708;723;1 365;1 570;1 718;1 895
59730;Solesmes;203;406;421;431;446;812;934;1 055;1 176
59740;Solre-le-Château;199;398;413;423;438;796;915;1 035;1 155
59740;Solrinnes;209;419;434;444;459;837;963;1 085;1 208
59490;Somain;241;485;500;510;525;969;1 114;1 243;1 380
59213;Sommaing;243;489;504;514;529;977;1 124;1 253;1 391
59380;Spycker;339;687;702;712;727;1 373;1 579;1 728;1 905
59190;Staple;301;608;623;633;648;1 217;1 399;1 540;1 702
59189;Steenbecque;293;592;607;617;632;1 184;1 361;1 500;1 659
59380;Steene;340;689;704;714;729;1 378;1 584;1 733;1 911
59114;Steenvoorde;316;639;654;664;679;1 279;1 470;1 614;1 782
59181;Steenwerck;297;600;615;625;640;1 200;1 380;1 520;1 680
59270;Strazeele;309;625;640;650;665;1 250;1 437;1 580;1 745
59550;Taisnières-en-Thiérache;205;410;425;435;450;821;944;1 065;1 187
59570;Taisnières-sur-Hon;268;540;555;565;580;1 081;1 243;1 377;1 525
59175;Templemars;265;534;549;559;574;1 068;1 228;1 362;1 509
59242;Templeuve;272;549;564;574;589;1 097;1 262;1 396;1 546
59114;Terdeghem;319;645;660;670;685;1 291;1 485;1 629;1 798
59229;Téteghem;344;697;712;722;737;1 394;1 603;1 753;1 932
59224;Thiant;236;474;489;499;514;949;1 091;1 218;1 353
59189;Thiennes;290;586;601;611;626;1 171;1 347;1 486;1 643
59163;Thivencelle;262;528;543;553;568;1 056;1 214;1 347;1 492
59239;Thumeries;260;524;539;549;564;1 048;1 205;1 337;1 482
59141;Thun-l'Évêque;221;443;458;468;483;887;1 020;1 144;1 273
59158;Thun-Saint-Amand;258;520;535;545;560;1 039;1 195;1 327;1 471
59141;Thun-Saint-Martin;227;456;471;481;496;911;1 048;1 174;1 305
59554;Tilloy-lez-Cambrai;215;431;446;456;471;862;991;1 114;1 240
59870;Tilloy-lez-Marchiennes;253;509;524;534;549;1 019;1 171;1 302;1 444
59390;Toufflers;284;573;588;598;613;1 147;1 318;1 456;1 610
59200;Tourcoing;285;575;590;600;615;1 151;1 323;1 461;1 616
59551;Tourmignies;267;538;553;563;578;1 076;1 238;1 372;1 519
59132;Trélon;184;367;382;392;407;734;844;961;1 074
59152;Tressin;276;557;572;582;597;1 114;1 281;1 416;1 568
59125;Trith-Saint-Léger;242;487;502;512;527;973;1 119;1 248;1 385
59980;Troisvilles;210;421;436;446;461;841;967;1 090;1 214
59229;Uxem;346;701;716;726;741;1 402;1 613;1 763;1 943
59300;Valenciennes;244;491;506;516;531;982;1 129;1 258;1 396
59218;Vendegies-au-Bois;204;408;423;433;448;817;939;1 060;1 181
59213;Vendegies-sur-Écaillon;243;489;504;514;529;977;1 124;1 253;1 391
59175;Vendeville;267;538;553;563;578;1 076;1 238;1 372;1 519
59227;Verchain-Maugré;241;485;500;510;525;969;1 114;1 243;1 380
59237;Verlinghem;290;586;601;611;626;1 171;1 347;1 486;1 643
59730;Vertain;250;503;518;528;543;1 006;1 157;1 288;1 428
59970;Vicq;256;516;531;541;556;1 031;1 186;1 317;1 460
59271;Viesly;202;404;419;429;444;808;929;1 050;1 171
59232;Vieux-Berquin;290;586;601;611;626;1 171;1 347;1 486;1 643
59690;Vieux-Condé;263;530;545;555;570;1 060;1 219;1 352;1 498
59138;Vieux-Mesnil;216;433;448;458;473;866;996;1 119;1 246
59600;Vieux-Reng;222;445;460;470;485;891;1 024;1 149;1 278
59650;Villeneuve-d'Ascq;274;553;568;578;593;1 105;1 271;1 406;1 557
59530;Villereau;257;518;533;543;558;1 035;1 190;1 322;1 466
59234;Villers-au-Tertre;229;460;475;485;500;920;1 058;1 184;1 316
59188;Villers-en-Cauchies;233;468;483;493;508;936;1 077;1 203;1 337
59297;Villers-Guislain;201;402;417;427;442;804;925;1 045;1 165
59142;Villers-Outréaux;210;421;436;446;461;841;967;1 090;1 214
59231;Villers-Plouich;200;400;415;425;440;800;920;1 040;1 160
59530;Villers-Pol;253;509;524;534;549;1 019;1 171;1 302;1 444
59600;Villers-Sire-Nicole;281;567;582;592;607;1 134;1 304;1 441;1 594
59470;Volckerinckhove;326;660;675;685;700;1 320;1 518;1 664;1 836
59870;Vred;248;499;514;524;539;998;1 148;1 278;1 417
59261;Wahagnies;258;520;535;545;560;1 039;1 195;1 327;1 471
59127;Walincourt-Selvigny;204;408;423;433;448;817;939;1 060;1 181
59135;Wallers;240;483;498;508;523;965;1 110;1 238;1 375
59132;Wallers-en-Fagne;188;375;390;400;415;751;863;981;1 096
59190;Wallon-Cappel;298;602;617;627;642;1 204;1 385;1 525;1 686
59400;Wambaix;210;421;436;446;461;841;967;1 090;1 214
59118;Wambrechies;286;577;592;602;617;1 155;1 328;1 466;1 621
59870;Wandignies-Hamage;244;491;506;516;531;982;1 129;1 258;1 396
59830;Wannehain;283;571;586;596;611;1 142;1 314;1 451;1 605
59144;Wargnies-le-Grand;254;511;526;536;551;1 023;1 176;1 307;1 450
59144;Wargnies-le-Petit;254;511;526;536;551;1 023;1 176;1 307;1 450
59380;Warhem;340;689;704;714;729;1 378;1 584;1 733;1 911
59870;Warlaing;252;507;522;532;547;1 015;1 167;1 297;1 439
59560;Warneton;298;602;617;627;642;1 204;1 385;1 525;1 686
59252;Wasnes-au-Bac;226;454;469;479;494;907;1 043;1 169;1 299
59290;Wasquehal;280;565;580;590;605;1 130;1 300;1 436;1 589
59143;Watten;321;650;665;675;690;1 299;1 494;1 639;1 809
59139;Wattignies;267;538;553;563;578;1 076;1 238;1 372;1 519
59680;Wattignies-la-Victoire;209;419;434;444;459;837;963;1 085;1 208
59150;Wattrelos;287;579;594;604;619;1 159;1 333;1 471;1 627
59220;Wavrechain-sous-Denain;235;472;487;497;512;944;1 086;1 213;1 348
59111;Wavrechain-sous-Faulx;230;462;477;487;502;924;1 062;1 189;1 321
59136;Wavrin;266;536;551;561;576;1 072;1 233;1 367;1 514
59119;Waziers;257;518;533;543;558;1 035;1 190;1 322;1 466
59670;Wemaers-Cappel;308;623;638;648;663;1 246;1 432;1 575;1 739
59117;Wervicq-Sud;296;598;613;623;638;1 196;1 375;1 515;1 675
59380;West-Cappel;331;670;685;695;710;1 340;1 541;1 688;1 862
59134;Wicres;274;553;568;578;593;1 105;1 271;1 406;1 557
59212;Wignehies;186;371;386;396;411;742;854;971;1 085
59780;Willems;284;573;588;598;613;1 147;1 318;1 456;1 610
59740;Willies;194;388;403;413;428;775;892;1 010;1 128
59670;Winnezeele;320;648;663;673;688;1 295;1 489;1 634;1 804
59470;Wormhout;328;664;679;689;704;1 328;1 527;1 674;1 846
59143;Wulverdinghe;324;656;671;681;696;1 312;1 508;1 654;1 825
59380;Wylder;329;666;681;691;706;1 332;1 532;1 679;1 852
59470;Zegerscappel;334;676;691;701;716;1 353;1 556;1 703;1 879
59670;Zermezeele;310;627;642;652;667;1 254;1 442;1 585;1 750
59123;Zuydcoote;351;711;726;736;751;1 423;1 636;1 787;1 970
59670;Zuytpeene;307;621;636;646;661;1 241;1 428;1 570;1 734
